名称,番号,状態,新規時刻,更新・削除時刻,機関区分,道路区分,路線,方向,キロポスト,路線,方向,キロポスト,詳細1,詳細内容1,詳細2,詳細内容2,詳細3,詳細内容3,詳細4,詳細内容4,詳細5,詳細内容5,詳細6,詳細内容6,詳細7,詳細内容7,詳細8,詳細内容8,詳細9,詳細内容9,詳細10,詳細内容10,詳細11,詳細内容11,詳細12,詳細内容12,詳細13,詳細内容13,詳細14,詳細内容14,詳細15,詳細内容15,詳細16,詳細内容16,詳細17,詳細内容17,詳細18,詳細内容18,詳細19,詳細内容19,詳細20,詳細内容20
渋滞,594,削除,2026/03/26 00:19,2026/03/26 00:20,名古屋高速道路公社,本線,高速２号東山線,下り,1.34,高速２号東山線,下り,0.8,54,渋滞長,-1,関連事象番号１,-1,関連事象番号２,-1,関連事象番号３,-1,関連事象番号４,-1,関連事象番号５,-1,関連事象番号６,-1,関連事象番号７,-1,関連事象番号８,-1,関連事象番号９,-1,関連事象番号１０,-1,関連事象番号１１,-1,関連事象番号１２,-1,関連事象番号１３,-1,関連事象番号１４,-1,関連事象番号１５,,,,,,,,
渋滞,595,削除,2026/03/26 02:37,2026/03/26 02:38,名古屋高速道路公社,本線,高速１号楠線,上り,2.53,高速１号楠線,上り,2.76,23,渋滞長,-1,関連事象番号１,-1,関連事象番号２,-1,関連事象番号３,-1,関連事象番号４,-1,関連事象番号５,-1,関連事象番号６,-1,関連事象番号７,-1,関連事象番号８,-1,関連事象番号９,-1,関連事象番号１０,-1,関連事象番号１１,-1,関連事象番号１２,-1,関連事象番号１３,-1,関連事象番号１４,-1,関連事象番号１５,,,,,,,,
渋滞,596,削除,2026/03/26 06:53,2026/03/26 06:55,名古屋高速道路公社,本線,高速１１号小牧線,下り,2.4,高速１１号小牧線,下り,2,40,渋滞長,-1,関連事象番号１,-1,関連事象番号２,-1,関連事象番号３,-1,関連事象番号４,-1,関連事象番号５,-1,関連事象番号６,-1,関連事象番号７,-1,関連事象番号８,-1,関連事象番号９,-1,関連事象番号１０,-1,関連事象番号１１,-1,関連事象番号１２,-1,関連事象番号１３,-1,関連事象番号１４,-1,関連事象番号１５,,,,,,,,
渋滞,598,削除,2026/03/26 06:55,2026/03/26 13:05,名古屋高速道路公社,出口,高速１１号小牧線,下り,7.51,高速１１号小牧線,下り,7.51,0,渋滞長,-1,関連事象番号１,-1,関連事象番号２,-1,関連事象番号３,-1,関連事象番号４,-1,関連事象番号５,-1,関連事象番号６,-1,関連事象番号７,-1,関連事象番号８,-1,関連事象番号９,-1,関連事象番号１０,-1,関連事象番号１１,-1,関連事象番号１２,-1,関連事象番号１３,-1,関連事象番号１４,-1,関連事象番号１５,,,,,,,,
渋滞,599,削除,2026/03/26 07:01,2026/03/26 10:24,名古屋高速道路公社,出口,高速１１号小牧線,下り,7.51,高速１１号小牧線,下り,7.51,0,渋滞長,-1,関連事象番号１,-1,関連事象番号２,-1,関連事象番号３,-1,関連事象番号４,-1,関連事象番号５,-1,関連事象番号６,-1,関連事象番号７,-1,関連事象番号８,-1,関連事象番号９,-1,関連事象番号１０,-1,関連事象番号１１,-1,関連事象番号１２,-1,関連事象番号１３,-1,関連事象番号１４,-1,関連事象番号１５,,,,,,,,
渋滞,600,削除,2026/03/26 07:14,2026/03/26 09:29,名古屋高速道路公社,本線,高速都心環状線,方向なし,0.63,高速都心環状線,方向なし,6.04,492,渋滞長,-1,関連事象番号１,-1,関連事象番号２,-1,関連事象番号３,-1,関連事象番号４,-1,関連事象番号５,-1,関連事象番号６,-1,関連事象番号７,-1,関連事象番号８,-1,関連事象番号９,-1,関連事象番号１０,-1,関連事象番号１１,-1,関連事象番号１２,-1,関連事象番号１３,-1,関連事象番号１４,-1,関連事象番号１５,,,,,,,,
渋滞,601,削除,2026/03/26 07:18,2026/03/26 07:25,名古屋高速道路公社,本線,高速１６号一宮線,上り,3.87,高速１６号一宮線,上り,4.32,45,渋滞長,-1,関連事象番号１,-1,関連事象番号２,-1,関連事象番号３,-1,関連事象番号４,-1,関連事象番号５,-1,関連事象番号６,-1,関連事象番号７,-1,関連事象番号８,-1,関連事象番号９,-1,関連事象番号１０,-1,関連事象番号１１,-1,関連事象番号１２,-1,関連事象番号１３,-1,関連事象番号１４,-1,関連事象番号１５,,,,,,,,
渋滞,602,削除,2026/03/26 07:27,2026/03/26 07:30,名古屋高速道路公社,本線,高速６号清須線,上り,0,高速６号清須線,上り,0.47,47,渋滞長,-1,関連事象番号１,-1,関連事象番号２,-1,関連事象番号３,-1,関連事象番号４,-1,関連事象番号５,-1,関連事象番号６,-1,関連事象番号７,-1,関連事象番号８,-1,関連事象番号９,-1,関連事象番号１０,-1,関連事象番号１１,-1,関連事象番号１２,-1,関連事象番号１３,-1,関連事象番号１４,-1,関連事象番号１５,,,,,,,,
渋滞,603,削除,2026/03/26 07:28,2026/03/26 07:33,名古屋高速道路公社,本線,高速１６号一宮線,上り,4.85,高速１６号一宮線,上り,5.27,42,渋滞長,1265,関連事象番号１,-1,関連事象番号２,-1,関連事象番号３,-1,関連事象番号４,-1,関連事象番号５,-1,関連事象番号６,-1,関連事象番号７,-1,関連事象番号８,-1,関連事象番号９,-1,関連事象番号１０,-1,関連事象番号１１,-1,関連事象番号１２,-1,関連事象番号１３,-1,関連事象番号１４,-1,関連事象番号１５,,,,,,,,
渋滞,604,削除,2026/03/26 07:31,2026/03/26 07:38,名古屋高速道路公社,本線,高速１号楠線,上り,6.05,高速１号楠線,上り,6.24,19,渋滞長,-1,関連事象番号１,-1,関連事象番号２,-1,関連事象番号３,-1,関連事象番号４,-1,関連事象番号５,-1,関連事象番号６,-1,関連事象番号７,-1,関連事象番号８,-1,関連事象番号９,-1,関連事象番号１０,-1,関連事象番号１１,-1,関連事象番号１２,-1,関連事象番号１３,-1,関連事象番号１４,-1,関連事象番号１５,,,,,,,,
渋滞,605,削除,2026/03/26 07:31,2026/03/26 09:08,名古屋高速道路公社,本線,高速１６号一宮線,上り,4.85,高速１６号一宮線,上り,5.27,42,渋滞長,1265,関連事象番号１,-1,関連事象番号２,-1,関連事象番号３,-1,関連事象番号４,-1,関連事象番号５,-1,関連事象番号６,-1,関連事象番号７,-1,関連事象番号８,-1,関連事象番号９,-1,関連事象番号１０,-1,関連事象番号１１,-1,関連事象番号１２,-1,関連事象番号１３,-1,関連事象番号１４,-1,関連事象番号１５,,,,,,,,
渋滞,606,削除,2026/03/26 07:34,2026/03/26 07:37,名古屋高速道路公社,本線,高速３号大高線,下り,1.86,丸田町線,丸田南,0.67,348,渋滞長,-1,関連事象番号１,-1,関連事象番号２,-1,関連事象番号３,-1,関連事象番号４,-1,関連事象番号５,-1,関連事象番号６,-1,関連事象番号７,-1,関連事象番号８,-1,関連事象番号９,-1,関連事象番号１０,-1,関連事象番号１１,-1,関連事象番号１２,-1,関連事象番号１３,-1,関連事象番号１４,-1,関連事象番号１５,,,,,,,,
渋滞,607,削除,2026/03/26 07:38,2026/03/26 07:40,名古屋高速道路公社,本線,高速都心環状線,方向なし,1.83,高速都心環状線,方向なし,9.25,291,渋滞長,-1,関連事象番号１,-1,関連事象番号２,-1,関連事象番号３,-1,関連事象番号４,-1,関連事象番号５,-1,関連事象番号６,-1,関連事象番号７,-1,関連事象番号８,-1,関連事象番号９,-1,関連事象番号１０,-1,関連事象番号１１,-1,関連事象番号１２,-1,関連事象番号１３,-1,関連事象番号１４,-1,関連事象番号１５,,,,,,,,
渋滞,608,削除,2026/03/26 07:38,2026/03/26 07:40,名古屋高速道路公社,本線,高速都心環状線,方向なし,1.83,高速１号楠線,上り,0.52,301,渋滞長,-1,関連事象番号１,-1,関連事象番号２,-1,関連事象番号３,-1,関連事象番号４,-1,関連事象番号５,-1,関連事象番号６,-1,関連事象番号７,-1,関連事象番号８,-1,関連事象番号９,-1,関連事象番号１０,-1,関連事象番号１１,-1,関連事象番号１２,-1,関連事象番号１３,-1,関連事象番号１４,-1,関連事象番号１５,,,,,,,,
渋滞,609,削除,2026/03/26 07:38,2026/03/26 08:21,名古屋高速道路公社,本線,高速３号大高線,上り,0,高速３号大高線,上り,0.24,24,渋滞長,2168,関連事象番号１,-1,関連事象番号２,-1,関連事象番号３,-1,関連事象番号４,-1,関連事象番号５,-1,関連事象番号６,-1,関連事象番号７,-1,関連事象番号８,-1,関連事象番号９,-1,関連事象番号１０,-1,関連事象番号１１,-1,関連事象番号１２,-1,関連事象番号１３,-1,関連事象番号１４,-1,関連事象番号１５,,,,,,,,
渋滞,610,削除,2026/03/26 07:38,2026/03/26 07:42,名古屋高速道路公社,本線,高速都心環状線,方向なし,1.83,高速都心環状線,方向なし,9.25,291,渋滞長,-1,関連事象番号１,-1,関連事象番号２,-1,関連事象番号３,-1,関連事象番号４,-1,関連事象番号５,-1,関連事象番号６,-1,関連事象番号７,-1,関連事象番号８,-1,関連事象番号９,-1,関連事象番号１０,-1,関連事象番号１１,-1,関連事象番号１２,-1,関連事象番号１３,-1,関連事象番号１４,-1,関連事象番号１５,,,,,,,,
渋滞,611,削除,2026/03/26 07:43,2026/03/26 08:28,名古屋高速道路公社,本線,高速３号大高線,下り,1.86,高速２号東山線,上り,3.63,389,渋滞長,-1,関連事象番号１,-1,関連事象番号２,-1,関連事象番号３,-1,関連事象番号４,-1,関連事象番号５,-1,関連事象番号６,-1,関連事象番号７,-1,関連事象番号８,-1,関連事象番号９,-1,関連事象番号１０,-1,関連事象番号１１,-1,関連事象番号１２,-1,関連事象番号１３,-1,関連事象番号１４,-1,関連事象番号１５,,,,,,,,
渋滞,612,削除,2026/03/26 07:46,2026/03/26 09:45,名古屋高速道路公社,本線,高速３号大高線,下り,1.86,高速都心環状線,方向なし,8.83,494,渋滞長,-1,関連事象番号１,-1,関連事象番号２,-1,関連事象番号３,-1,関連事象番号４,-1,関連事象番号５,-1,関連事象番号６,-1,関連事象番号７,-1,関連事象番号８,-1,関連事象番号９,-1,関連事象番号１０,-1,関連事象番号１１,-1,関連事象番号１２,-1,関連事象番号１３,-1,関連事象番号１４,-1,関連事象番号１５,,,,,,,,
渋滞,613,削除,2026/03/26 07:46,2026/03/26 08:20,名古屋高速道路公社,本線,高速都心環状線,方向なし,1.83,高速６号清須線,上り,0.47,578,渋滞長,-1,関連事象番号１,-1,関連事象番号２,-1,関連事象番号３,-1,関連事象番号４,-1,関連事象番号５,-1,関連事象番号６,-1,関連事象番号７,-1,関連事象番号８,-1,関連事象番号９,-1,関連事象番号１０,-1,関連事象番号１１,-1,関連事象番号１２,-1,関連事象番号１３,-1,関連事象番号１４,-1,関連事象番号１５,,,,,,,,
渋滞,614,削除,2026/03/26 07:50,2026/03/26 07:52,名古屋高速道路公社,本線,高速１号楠線,上り,6.05,高速１号楠線,上り,6.24,19,渋滞長,-1,関連事象番号１,-1,関連事象番号２,-1,関連事象番号３,-1,関連事象番号４,-1,関連事象番号５,-1,関連事象番号６,-1,関連事象番号７,-1,関連事象番号８,-1,関連事象番号９,-1,関連事象番号１０,-1,関連事象番号１１,-1,関連事象番号１２,-1,関連事象番号１３,-1,関連事象番号１４,-1,関連事象番号１５,,,,,,,,
渋滞,615,削除,2026/03/26 07:55,2026/03/26 07:59,名古屋高速道路公社,本線,高速３号大高線,上り,2.32,高速３号大高線,上り,2.88,56,渋滞長,-1,関連事象番号１,-1,関連事象番号２,-1,関連事象番号３,-1,関連事象番号４,-1,関連事象番号５,-1,関連事象番号６,-1,関連事象番号７,-1,関連事象番号８,-1,関連事象番号９,-1,関連事象番号１０,-1,関連事象番号１１,-1,関連事象番号１２,-1,関連事象番号１３,-1,関連事象番号１４,-1,関連事象番号１５,,,,,,,,
渋滞,616,削除,2026/03/26 07:55,2026/03/26 07:58,名古屋高速道路公社,本線,高速６号清須線,上り,0,高速６号清須線,上り,0.47,47,渋滞長,-1,関連事象番号１,-1,関連事象番号２,-1,関連事象番号３,-1,関連事象番号４,-1,関連事象番号５,-1,関連事象番号６,-1,関連事象番号７,-1,関連事象番号８,-1,関連事象番号９,-1,関連事象番号１０,-1,関連事象番号１１,-1,関連事象番号１２,-1,関連事象番号１３,-1,関連事象番号１４,-1,関連事象番号１５,,,,,,,,
渋滞,617,削除,2026/03/26 07:59,2026/03/26 08:03,名古屋高速道路公社,本線,高速都心環状線,方向なし,1.83,丸田町線,丸田南,0.67,187,渋滞長,-1,関連事象番号１,-1,関連事象番号２,-1,関連事象番号３,-1,関連事象番号４,-1,関連事象番号５,-1,関連事象番号６,-1,関連事象番号７,-1,関連事象番号８,-1,関連事象番号９,-1,関連事象番号１０,-1,関連事象番号１１,-1,関連事象番号１２,-1,関連事象番号１３,-1,関連事象番号１４,-1,関連事象番号１５,,,,,,,,
渋滞,618,削除,2026/03/26 07:59,2026/03/26 08:03,名古屋高速道路公社,本線,高速３号大高線,下り,1.35,丸田町線,丸田南,0.67,297,渋滞長,-1,関連事象番号１,-1,関連事象番号２,-1,関連事象番号３,-1,関連事象番号４,-1,関連事象番号５,-1,関連事象番号６,-1,関連事象番号７,-1,関連事象番号８,-1,関連事象番号９,-1,関連事象番号１０,-1,関連事象番号１１,-1,関連事象番号１２,-1,関連事象番号１３,-1,関連事象番号１４,-1,関連事象番号１５,,,,,,,,
渋滞,620,削除,2026/03/26 08:01,2026/03/26 08:41,名古屋高速道路公社,出口,高速１１号小牧線,下り,4.43,高速１１号小牧線,下り,4.43,0,渋滞長,-1,関連事象番号１,-1,関連事象番号２,-1,関連事象番号３,-1,関連事象番号４,-1,関連事象番号５,-1,関連事象番号６,-1,関連事象番号７,-1,関連事象番号８,-1,関連事象番号９,-1,関連事象番号１０,-1,関連事象番号１１,-1,関連事象番号１２,-1,関連事象番号１３,-1,関連事象番号１４,-1,関連事象番号１５,,,,,,,,
渋滞,622,削除,2026/03/26 08:03,2026/03/26 10:38,名古屋高速道路公社,本線,高速１６号一宮線,下り,5.72,高速１６号一宮線,下り,5.36,36,渋滞長,1266,関連事象番号１,-1,関連事象番号２,-1,関連事象番号３,-1,関連事象番号４,-1,関連事象番号５,-1,関連事象番号６,-1,関連事象番号７,-1,関連事象番号８,-1,関連事象番号９,-1,関連事象番号１０,-1,関連事象番号１１,-1,関連事象番号１２,-1,関連事象番号１３,-1,関連事象番号１４,-1,関連事象番号１５,,,,,,,,
渋滞,623,削除,2026/03/26 08:04,2026/03/26 09:55,名古屋高速道路公社,本線,高速３号大高線,上り,2.88,高速３号大高線,上り,3.44,56,渋滞長,-1,関連事象番号１,-1,関連事象番号２,-1,関連事象番号３,-1,関連事象番号４,-1,関連事象番号５,-1,関連事象番号６,-1,関連事象番号７,-1,関連事象番号８,-1,関連事象番号９,-1,関連事象番号１０,-1,関連事象番号１１,-1,関連事象番号１２,-1,関連事象番号１３,-1,関連事象番号１４,-1,関連事象番号１５,,,,,,,,
渋滞,624,削除,2026/03/26 08:05,2026/03/26 08:07,名古屋高速道路公社,本線,高速都心環状線,方向なし,1.83,丸田町線,丸田南,0.67,187,渋滞長,-1,関連事象番号１,-1,関連事象番号２,-1,関連事象番号３,-1,関連事象番号４,-1,関連事象番号５,-1,関連事象番号６,-1,関連事象番号７,-1,関連事象番号８,-1,関連事象番号９,-1,関連事象番号１０,-1,関連事象番号１１,-1,関連事象番号１２,-1,関連事象番号１３,-1,関連事象番号１４,-1,関連事象番号１５,,,,,,,,
渋滞,625,削除,2026/03/26 08:05,2026/03/26 08:07,名古屋高速道路公社,本線,高速３号大高線,下り,1.86,丸田町線,丸田南,0.67,348,渋滞長,-1,関連事象番号１,-1,関連事象番号２,-1,関連事象番号３,-1,関連事象番号４,-1,関連事象番号５,-1,関連事象番号６,-1,関連事象番号７,-1,関連事象番号８,-1,関連事象番号９,-1,関連事象番号１０,-1,関連事象番号１１,-1,関連事象番号１２,-1,関連事象番号１３,-1,関連事象番号１４,-1,関連事象番号１５,,,,,,,,
渋滞,626,削除,2026/03/26 08:06,2026/03/26 08:09,名古屋高速道路公社,本線,高速１号楠線,上り,1.54,高速１号楠線,上り,2.05,51,渋滞長,-1,関連事象番号１,-1,関連事象番号２,-1,関連事象番号３,-1,関連事象番号４,-1,関連事象番号５,-1,関連事象番号６,-1,関連事象番号７,-1,関連事象番号８,-1,関連事象番号９,-1,関連事象番号１０,-1,関連事象番号１１,-1,関連事象番号１２,-1,関連事象番号１３,-1,関連事象番号１４,-1,関連事象番号１５,,,,,,,,
渋滞,627,削除,2026/03/26 08:06,2026/03/26 08:11,名古屋高速道路公社,出口,高速１６号一宮線,下り,6.13,高速１６号一宮線,下り,6.13,0,渋滞長,-1,関連事象番号１,-1,関連事象番号２,-1,関連事象番号３,-1,関連事象番号４,-1,関連事象番号５,-1,関連事象番号６,-1,関連事象番号７,-1,関連事象番号８,-1,関連事象番号９,-1,関連事象番号１０,-1,関連事象番号１１,-1,関連事象番号１２,-1,関連事象番号１３,-1,関連事象番号１４,-1,関連事象番号１５,,,,,,,,
渋滞,628,削除,2026/03/26 08:07,2026/03/26 08:11,名古屋高速道路公社,本線,高速１６号一宮線,下り,1.12,高速１６号一宮線,下り,0.59,53,渋滞長,-1,関連事象番号１,-1,関連事象番号２,-1,関連事象番号３,-1,関連事象番号４,-1,関連事象番号５,-1,関連事象番号６,-1,関連事象番号７,-1,関連事象番号８,-1,関連事象番号９,-1,関連事象番号１０,-1,関連事象番号１１,-1,関連事象番号１２,-1,関連事象番号１３,-1,関連事象番号１４,-1,関連事象番号１５,,,,,,,,
渋滞,629,削除,2026/03/26 08:08,2026/03/26 08:09,名古屋高速道路公社,出口,高速１１号小牧線,下り,4.43,高速１１号小牧線,下り,4.43,0,渋滞長,-1,関連事象番号１,-1,関連事象番号２,-1,関連事象番号３,-1,関連事象番号４,-1,関連事象番号５,-1,関連事象番号６,-1,関連事象番号７,-1,関連事象番号８,-1,関連事象番号９,-1,関連事象番号１０,-1,関連事象番号１１,-1,関連事象番号１２,-1,関連事象番号１３,-1,関連事象番号１４,-1,関連事象番号１５,,,,,,,,
渋滞,630,削除,2026/03/26 08:09,2026/03/26 08:20,名古屋高速道路公社,本線,高速都心環状線,方向なし,1.83,高速都心環状線,方向なし,6.65,551,渋滞長,-1,関連事象番号１,-1,関連事象番号２,-1,関連事象番号３,-1,関連事象番号４,-1,関連事象番号５,-1,関連事象番号６,-1,関連事象番号７,-1,関連事象番号８,-1,関連事象番号９,-1,関連事象番号１０,-1,関連事象番号１１,-1,関連事象番号１２,-1,関連事象番号１３,-1,関連事象番号１４,-1,関連事象番号１５,,,,,,,,
渋滞,631,削除,2026/03/26 08:09,2026/03/26 08:20,名古屋高速道路公社,本線,高速都心環状線,方向なし,1.83,高速１号楠線,上り,0.52,301,渋滞長,-1,関連事象番号１,-1,関連事象番号２,-1,関連事象番号３,-1,関連事象番号４,-1,関連事象番号５,-1,関連事象番号６,-1,関連事象番号７,-1,関連事象番号８,-1,関連事象番号９,-1,関連事象番号１０,-1,関連事象番号１１,-1,関連事象番号１２,-1,関連事象番号１３,-1,関連事象番号１４,-1,関連事象番号１５,,,,,,,,
渋滞,632,削除,2026/03/26 08:11,2026/03/26 08:14,名古屋高速道路公社,出口,高速１１号小牧線,下り,4.43,高速１１号小牧線,下り,4.43,0,渋滞長,-1,関連事象番号１,-1,関連事象番号２,-1,関連事象番号３,-1,関連事象番号４,-1,関連事象番号５,-1,関連事象番号６,-1,関連事象番号７,-1,関連事象番号８,-1,関連事象番号９,-1,関連事象番号１０,-1,関連事象番号１１,-1,関連事象番号１２,-1,関連事象番号１３,-1,関連事象番号１４,-1,関連事象番号１５,,,,,,,,
渋滞,633,削除,2026/03/26 08:12,2026/03/26 08:20,名古屋高速道路公社,本線,高速都心環状線,方向なし,1.83,高速２号東山線,上り,3.63,228,渋滞長,-1,関連事象番号１,-1,関連事象番号２,-1,関連事象番号３,-1,関連事象番号４,-1,関連事象番号５,-1,関連事象番号６,-1,関連事象番号７,-1,関連事象番号８,-1,関連事象番号９,-1,関連事象番号１０,-1,関連事象番号１１,-1,関連事象番号１２,-1,関連事象番号１３,-1,関連事象番号１４,-1,関連事象番号１５,,,,,,,,
渋滞,634,削除,2026/03/26 08:12,2026/03/26 08:21,名古屋高速道路公社,本線,高速３号大高線,下り,1.86,高速２号東山線,上り,3.63,389,渋滞長,-1,関連事象番号１,-1,関連事象番号２,-1,関連事象番号３,-1,関連事象番号４,-1,関連事象番号５,-1,関連事象番号６,-1,関連事象番号７,-1,関連事象番号８,-1,関連事象番号９,-1,関連事象番号１０,-1,関連事象番号１１,-1,関連事象番号１２,-1,関連事象番号１３,-1,関連事象番号１４,-1,関連事象番号１５,,,,,,,,
渋滞,635,削除,2026/03/26 08:13,2026/03/26 13:45,名古屋高速道路公社,出口,高速１６号一宮線,下り,6.13,高速１６号一宮線,下り,6.13,0,渋滞長,-1,関連事象番号１,-1,関連事象番号２,-1,関連事象番号３,-1,関連事象番号４,-1,関連事象番号５,-1,関連事象番号６,-1,関連事象番号７,-1,関連事象番号８,-1,関連事象番号９,-1,関連事象番号１０,-1,関連事象番号１１,-1,関連事象番号１２,-1,関連事象番号１３,-1,関連事象番号１４,-1,関連事象番号１５,,,,,,,,
渋滞,636,削除,2026/03/26 08:14,2026/03/26 08:59,名古屋高速道路公社,出口,高速２号東山線,下り,0.8,高速２号東山線,下り,0.8,0,渋滞長,-1,関連事象番号１,-1,関連事象番号２,-1,関連事象番号３,-1,関連事象番号４,-1,関連事象番号５,-1,関連事象番号６,-1,関連事象番号７,-1,関連事象番号８,-1,関連事象番号９,-1,関連事象番号１０,-1,関連事象番号１１,-1,関連事象番号１２,-1,関連事象番号１３,-1,関連事象番号１４,-1,関連事象番号１５,,,,,,,,
渋滞,638,削除,2026/03/26 08:15,2026/03/26 08:31,名古屋高速道路公社,出口,高速２号東山線,下り,0.8,高速２号東山線,下り,0.8,0,渋滞長,-1,関連事象番号１,-1,関連事象番号２,-1,関連事象番号３,-1,関連事象番号４,-1,関連事象番号５,-1,関連事象番号６,-1,関連事象番号７,-1,関連事象番号８,-1,関連事象番号９,-1,関連事象番号１０,-1,関連事象番号１１,-1,関連事象番号１２,-1,関連事象番号１３,-1,関連事象番号１４,-1,関連事象番号１５,,,,,,,,
渋滞,640,削除,2026/03/26 08:16,2026/03/26 08:46,名古屋高速道路公社,出口,高速５号万場線,下り,1.01,高速５号万場線,下り,1.01,0,渋滞長,-1,関連事象番号１,-1,関連事象番号２,-1,関連事象番号３,-1,関連事象番号４,-1,関連事象番号５,-1,関連事象番号６,-1,関連事象番号７,-1,関連事象番号８,-1,関連事象番号９,-1,関連事象番号１０,-1,関連事象番号１１,-1,関連事象番号１２,-1,関連事象番号１３,-1,関連事象番号１４,-1,関連事象番号１５,,,,,,,,
渋滞,641,削除,2026/03/26 08:18,2026/03/26 08:24,名古屋高速道路公社,本線,高速１６号一宮線,下り,1.12,高速１６号一宮線,下り,0.59,53,渋滞長,1266,関連事象番号１,-1,関連事象番号２,-1,関連事象番号３,-1,関連事象番号４,-1,関連事象番号５,-1,関連事象番号６,-1,関連事象番号７,-1,関連事象番号８,-1,関連事象番号９,-1,関連事象番号１０,-1,関連事象番号１１,-1,関連事象番号１２,-1,関連事象番号１３,-1,関連事象番号１４,-1,関連事象番号１５,,,,,,,,
渋滞,642,削除,2026/03/26 08:19,2026/03/26 08:37,名古屋高速道路公社,本線,高速２号東山線,上り,8.7,高速２号東山線,上り,9.25,55,渋滞長,-1,関連事象番号１,-1,関連事象番号２,-1,関連事象番号３,-1,関連事象番号４,-1,関連事象番号５,-1,関連事象番号６,-1,関連事象番号７,-1,関連事象番号８,-1,関連事象番号９,-1,関連事象番号１０,-1,関連事象番号１１,-1,関連事象番号１２,-1,関連事象番号１３,-1,関連事象番号１４,-1,関連事象番号１５,,,,,,,,
渋滞,643,削除,2026/03/26 08:21,2026/03/26 08:25,名古屋高速道路公社,本線,高速都心環状線,方向なし,6.85,高速都心環状線,方向なし,6.65,20,渋滞長,-1,関連事象番号１,-1,関連事象番号２,-1,関連事象番号３,-1,関連事象番号４,-1,関連事象番号５,-1,関連事象番号６,-1,関連事象番号７,-1,関連事象番号８,-1,関連事象番号９,-1,関連事象番号１０,-1,関連事象番号１１,-1,関連事象番号１２,-1,関連事象番号１３,-1,関連事象番号１４,-1,関連事象番号１５,,,,,,,,
渋滞,644,削除,2026/03/26 08:21,2026/03/26 08:26,名古屋高速道路公社,本線,高速６号清須線,上り,0,高速６号清須線,上り,0.47,47,渋滞長,-1,関連事象番号１,-1,関連事象番号２,-1,関連事象番号３,-1,関連事象番号４,-1,関連事象番号５,-1,関連事象番号６,-1,関連事象番号７,-1,関連事象番号８,-1,関連事象番号９,-1,関連事象番号１０,-1,関連事象番号１１,-1,関連事象番号１２,-1,関連事象番号１３,-1,関連事象番号１４,-1,関連事象番号１５,,,,,,,,
渋滞,645,削除,2026/03/26 08:24,2026/03/26 08:30,名古屋高速道路公社,出口,高速１１号小牧線,下り,4.43,高速１１号小牧線,下り,4.43,0,渋滞長,-1,関連事象番号１,-1,関連事象番号２,-1,関連事象番号３,-1,関連事象番号４,-1,関連事象番号５,-1,関連事象番号６,-1,関連事象番号７,-1,関連事象番号８,-1,関連事象番号９,-1,関連事象番号１０,-1,関連事象番号１１,-1,関連事象番号１２,-1,関連事象番号１３,-1,関連事象番号１４,-1,関連事象番号１５,,,,,,,,
渋滞,646,削除,2026/03/26 08:25,2026/03/26 08:50,名古屋高速道路公社,本線,高速５号万場線,下り,6.89,高速５号万場線,下り,6.64,25,渋滞長,-1,関連事象番号１,-1,関連事象番号２,-1,関連事象番号３,-1,関連事象番号４,-1,関連事象番号５,-1,関連事象番号６,-1,関連事象番号７,-1,関連事象番号８,-1,関連事象番号９,-1,関連事象番号１０,-1,関連事象番号１１,-1,関連事象番号１２,-1,関連事象番号１３,-1,関連事象番号１４,-1,関連事象番号１５,,,,,,,,
渋滞,647,削除,2026/03/26 08:27,2026/03/26 08:29,名古屋高速道路公社,本線,高速１６号一宮線,下り,1.12,高速１６号一宮線,下り,0.59,53,渋滞長,1266,関連事象番号１,-1,関連事象番号２,-1,関連事象番号３,-1,関連事象番号４,-1,関連事象番号５,-1,関連事象番号６,-1,関連事象番号７,-1,関連事象番号８,-1,関連事象番号９,-1,関連事象番号１０,-1,関連事象番号１１,-1,関連事象番号１２,-1,関連事象番号１３,-1,関連事象番号１４,-1,関連事象番号１５,,,,,,,,
渋滞,648,削除,2026/03/26 08:33,2026/03/26 08:47,名古屋高速道路公社,本線,高速３号大高線,下り,1.86,高速２号東山線,上り,3.63,389,渋滞長,-1,関連事象番号１,-1,関連事象番号２,-1,関連事象番号３,-1,関連事象番号４,-1,関連事象番号５,-1,関連事象番号６,-1,関連事象番号７,-1,関連事象番号８,-1,関連事象番号９,-1,関連事象番号１０,-1,関連事象番号１１,-1,関連事象番号１２,-1,関連事象番号１３,-1,関連事象番号１４,-1,関連事象番号１５,,,,,,,,
渋滞,649,削除,2026/03/26 08:34,2026/03/26 08:47,名古屋高速道路公社,出口,高速２号東山線,下り,0.8,高速２号東山線,下り,0.8,0,渋滞長,-1,関連事象番号１,-1,関連事象番号２,-1,関連事象番号３,-1,関連事象番号４,-1,関連事象番号５,-1,関連事象番号６,-1,関連事象番号７,-1,関連事象番号８,-1,関連事象番号９,-1,関連事象番号１０,-1,関連事象番号１１,-1,関連事象番号１２,-1,関連事象番号１３,-1,関連事象番号１４,-1,関連事象番号１５,,,,,,,,
渋滞,650,削除,2026/03/26 08:35,2026/03/26 08:55,名古屋高速道路公社,本線,高速２号東山線,上り,6.8,高速２号東山線,上り,8.7,190,渋滞長,-1,関連事象番号１,-1,関連事象番号２,-1,関連事象番号３,-1,関連事象番号４,-1,関連事象番号５,-1,関連事象番号６,-1,関連事象番号７,-1,関連事象番号８,-1,関連事象番号９,-1,関連事象番号１０,-1,関連事象番号１１,-1,関連事象番号１２,-1,関連事象番号１３,-1,関連事象番号１４,-1,関連事象番号１５,,,,,,,,
渋滞,651,削除,2026/03/26 08:36,2026/03/26 08:42,名古屋高速道路公社,本線,高速１６号一宮線,下り,1.12,高速１６号一宮線,下り,0.59,53,渋滞長,1266,関連事象番号１,-1,関連事象番号２,-1,関連事象番号３,-1,関連事象番号４,-1,関連事象番号５,-1,関連事象番号６,-1,関連事象番号７,-1,関連事象番号８,-1,関連事象番号９,-1,関連事象番号１０,-1,関連事象番号１１,-1,関連事象番号１２,-1,関連事象番号１３,-1,関連事象番号１４,-1,関連事象番号１５,,,,,,,,
渋滞,652,削除,2026/03/26 08:37,2026/03/26 08:41,名古屋高速道路公社,本線,高速都心環状線,方向なし,6.85,高速都心環状線,方向なし,6.65,20,渋滞長,-1,関連事象番号１,-1,関連事象番号２,-1,関連事象番号３,-1,関連事象番号４,-1,関連事象番号５,-1,関連事象番号６,-1,関連事象番号７,-1,関連事象番号８,-1,関連事象番号９,-1,関連事象番号１０,-1,関連事象番号１１,-1,関連事象番号１２,-1,関連事象番号１３,-1,関連事象番号１４,-1,関連事象番号１５,,,,,,,,
渋滞,653,削除,2026/03/26 08:42,2026/03/26 08:47,名古屋高速道路公社,本線,高速１６号一宮線,上り,3.87,高速１６号一宮線,上り,4.32,45,渋滞長,1265,関連事象番号１,-1,関連事象番号２,-1,関連事象番号３,-1,関連事象番号４,-1,関連事象番号５,-1,関連事象番号６,-1,関連事象番号７,-1,関連事象番号８,-1,関連事象番号９,-1,関連事象番号１０,-1,関連事象番号１１,-1,関連事象番号１２,-1,関連事象番号１３,-1,関連事象番号１４,-1,関連事象番号１５,,,,,,,,
渋滞,654,削除,2026/03/26 08:44,2026/03/26 08:53,名古屋高速道路公社,本線,高速１号楠線,上り,2.53,高速１号楠線,上り,2.76,23,渋滞長,-1,関連事象番号１,-1,関連事象番号２,-1,関連事象番号３,-1,関連事象番号４,-1,関連事象番号５,-1,関連事象番号６,-1,関連事象番号７,-1,関連事象番号８,-1,関連事象番号９,-1,関連事象番号１０,-1,関連事象番号１１,-1,関連事象番号１２,-1,関連事象番号１３,-1,関連事象番号１４,-1,関連事象番号１５,,,,,,,,
渋滞,656,削除,2026/03/26 08:46,2026/03/26 09:32,名古屋高速道路公社,出口,高速６号清須線,上り,0.47,高速６号清須線,上り,0.47,0,渋滞長,-1,関連事象番号１,-1,関連事象番号２,-1,関連事象番号３,-1,関連事象番号４,-1,関連事象番号５,-1,関連事象番号６,-1,関連事象番号７,-1,関連事象番号８,-1,関連事象番号９,-1,関連事象番号１０,-1,関連事象番号１１,-1,関連事象番号１２,-1,関連事象番号１３,-1,関連事象番号１４,-1,関連事象番号１５,,,,,,,,
渋滞,657,削除,2026/03/26 08:47,2026/03/26 08:57,名古屋高速道路公社,本線,高速３号大高線,上り,6.1,高速３号大高線,上り,6.6,50,渋滞長,-1,関連事象番号１,-1,関連事象番号２,-1,関連事象番号３,-1,関連事象番号４,-1,関連事象番号５,-1,関連事象番号６,-1,関連事象番号７,-1,関連事象番号８,-1,関連事象番号９,-1,関連事象番号１０,-1,関連事象番号１１,-1,関連事象番号１２,-1,関連事象番号１３,-1,関連事象番号１４,-1,関連事象番号１５,,,,,,,,
渋滞,658,削除,2026/03/26 08:49,2026/03/26 08:50,名古屋高速道路公社,本線,高速１６号一宮線,上り,3.87,高速１６号一宮線,上り,4.32,45,渋滞長,1265,関連事象番号１,-1,関連事象番号２,-1,関連事象番号３,-1,関連事象番号４,-1,関連事象番号５,-1,関連事象番号６,-1,関連事象番号７,-1,関連事象番号８,-1,関連事象番号９,-1,関連事象番号１０,-1,関連事象番号１１,-1,関連事象番号１２,-1,関連事象番号１３,-1,関連事象番号１４,-1,関連事象番号１５,,,,,,,,
渋滞,659,削除,2026/03/26 08:55,2026/03/26 09:18,名古屋高速道路公社,本線,高速２号東山線,上り,6.8,高速２号東山線,上り,7.3,50,渋滞長,-1,関連事象番号１,-1,関連事象番号２,-1,関連事象番号３,-1,関連事象番号４,-1,関連事象番号５,-1,関連事象番号６,-1,関連事象番号７,-1,関連事象番号８,-1,関連事象番号９,-1,関連事象番号１０,-1,関連事象番号１１,-1,関連事象番号１２,-1,関連事象番号１３,-1,関連事象番号１４,-1,関連事象番号１５,,,,,,,,
渋滞,660,削除,2026/03/26 09:01,2026/03/26 09:15,名古屋高速道路公社,本線,高速都心環状線,方向なし,6.85,高速都心環状線,方向なし,6.65,20,渋滞長,-1,関連事象番号１,-1,関連事象番号２,-1,関連事象番号３,-1,関連事象番号４,-1,関連事象番号５,-1,関連事象番号６,-1,関連事象番号７,-1,関連事象番号８,-1,関連事象番号９,-1,関連事象番号１０,-1,関連事象番号１１,-1,関連事象番号１２,-1,関連事象番号１３,-1,関連事象番号１４,-1,関連事象番号１５,,,,,,,,
渋滞,661,削除,2026/03/26 09:05,2026/03/26 10:41,名古屋高速道路公社,本線,高速５号万場線,下り,6.89,高速５号万場線,下り,6.64,25,渋滞長,-1,関連事象番号１,-1,関連事象番号２,-1,関連事象番号３,-1,関連事象番号４,-1,関連事象番号５,-1,関連事象番号６,-1,関連事象番号７,-1,関連事象番号８,-1,関連事象番号９,-1,関連事象番号１０,-1,関連事象番号１１,-1,関連事象番号１２,-1,関連事象番号１３,-1,関連事象番号１４,-1,関連事象番号１５,,,,,,,,
渋滞,662,削除,2026/03/26 09:09,2026/03/26 09:44,名古屋高速道路公社,本線,高速３号大高線,下り,1.86,高速１号楠線,上り,2.76,686,渋滞長,-1,関連事象番号１,-1,関連事象番号２,-1,関連事象番号３,-1,関連事象番号４,-1,関連事象番号５,-1,関連事象番号６,-1,関連事象番号７,-1,関連事象番号８,-1,関連事象番号９,-1,関連事象番号１０,-1,関連事象番号１１,-1,関連事象番号１２,-1,関連事象番号１３,-1,関連事象番号１４,-1,関連事象番号１５,,,,,,,,
渋滞,663,削除,2026/03/26 09:18,2026/03/26 09:23,名古屋高速道路公社,本線,高速４号東海線,上り,0,高速４号東海線,上り,0.62,62,渋滞長,-1,関連事象番号１,-1,関連事象番号２,-1,関連事象番号３,-1,関連事象番号４,-1,関連事象番号５,-1,関連事象番号６,-1,関連事象番号７,-1,関連事象番号８,-1,関連事象番号９,-1,関連事象番号１０,-1,関連事象番号１１,-1,関連事象番号１２,-1,関連事象番号１３,-1,関連事象番号１４,-1,関連事象番号１５,,,,,,,,
渋滞,664,削除,2026/03/26 09:20,2026/03/26 09:46,名古屋高速道路公社,本線,高速３号大高線,下り,1.35,高速１号楠線,上り,2.76,635,渋滞長,-1,関連事象番号１,-1,関連事象番号２,-1,関連事象番号３,-1,関連事象番号４,-1,関連事象番号５,-1,関連事象番号６,-1,関連事象番号７,-1,関連事象番号８,-1,関連事象番号９,-1,関連事象番号１０,-1,関連事象番号１１,-1,関連事象番号１２,-1,関連事象番号１３,-1,関連事象番号１４,-1,関連事象番号１５,,,,,,,,
渋滞,666,削除,2026/03/26 09:23,2026/03/26 10:31,名古屋高速道路公社,出口,高速５号万場線,下り,1.01,高速５号万場線,下り,1.01,0,渋滞長,-1,関連事象番号１,-1,関連事象番号２,-1,関連事象番号３,-1,関連事象番号４,-1,関連事象番号５,-1,関連事象番号６,-1,関連事象番号７,-1,関連事象番号８,-1,関連事象番号９,-1,関連事象番号１０,-1,関連事象番号１１,-1,関連事象番号１２,-1,関連事象番号１３,-1,関連事象番号１４,-1,関連事象番号１５,,,,,,,,
渋滞,667,削除,2026/03/26 09:27,2026/03/26 09:30,名古屋高速道路公社,本線,高速３号大高線,下り,1.86,丸田町線,丸田南,0.67,348,渋滞長,-1,関連事象番号１,-1,関連事象番号２,-1,関連事象番号３,-1,関連事象番号４,-1,関連事象番号５,-1,関連事象番号６,-1,関連事象番号７,-1,関連事象番号８,-1,関連事象番号９,-1,関連事象番号１０,-1,関連事象番号１１,-1,関連事象番号１２,-1,関連事象番号１３,-1,関連事象番号１４,-1,関連事象番号１５,,,,,,,,
渋滞,668,削除,2026/03/26 09:29,2026/03/26 09:30,名古屋高速道路公社,本線,高速１６号一宮線,下り,4.29,高速１６号一宮線,下り,3.79,50,渋滞長,1266,関連事象番号１,-1,関連事象番号２,-1,関連事象番号３,-1,関連事象番号４,-1,関連事象番号５,-1,関連事象番号６,-1,関連事象番号７,-1,関連事象番号８,-1,関連事象番号９,-1,関連事象番号１０,-1,関連事象番号１１,-1,関連事象番号１２,-1,関連事象番号１３,-1,関連事象番号１４,-1,関連事象番号１５,,,,,,,,
渋滞,669,削除,2026/03/26 09:30,2026/03/26 09:39,名古屋高速道路公社,本線,高速４号東海線,上り,0,高速４号東海線,上り,0.62,62,渋滞長,-1,関連事象番号１,-1,関連事象番号２,-1,関連事象番号３,-1,関連事象番号４,-1,関連事象番号５,-1,関連事象番号６,-1,関連事象番号７,-1,関連事象番号８,-1,関連事象番号９,-1,関連事象番号１０,-1,関連事象番号１１,-1,関連事象番号１２,-1,関連事象番号１３,-1,関連事象番号１４,-1,関連事象番号１５,,,,,,,,
渋滞,670,削除,2026/03/26 09:32,2026/03/26 10:18,名古屋高速道路公社,本線,高速３号大高線,下り,1.35,高速都心環状線,方向なし,1.1,183,渋滞長,-1,関連事象番号１,-1,関連事象番号２,-1,関連事象番号３,-1,関連事象番号４,-1,関連事象番号５,-1,関連事象番号６,-1,関連事象番号７,-1,関連事象番号８,-1,関連事象番号９,-1,関連事象番号１０,-1,関連事象番号１１,-1,関連事象番号１２,-1,関連事象番号１３,-1,関連事象番号１４,-1,関連事象番号１５,,,,,,,,
渋滞,671,削除,2026/03/26 09:33,2026/03/26 09:35,名古屋高速道路公社,本線,高速３号大高線,下り,1.86,高速３号大高線,下り,0,186,渋滞長,-1,関連事象番号１,-1,関連事象番号２,-1,関連事象番号３,-1,関連事象番号４,-1,関連事象番号５,-1,関連事象番号６,-1,関連事象番号７,-1,関連事象番号８,-1,関連事象番号９,-1,関連事象番号１０,-1,関連事象番号１１,-1,関連事象番号１２,-1,関連事象番号１３,-1,関連事象番号１４,-1,関連事象番号１５,,,,,,,,
渋滞,672,削除,2026/03/26 09:36,2026/03/26 11:04,名古屋高速道路公社,本線,高速３号大高線,上り,0,高速３号大高線,上り,0.24,24,渋滞長,-1,関連事象番号１,-1,関連事象番号２,-1,関連事象番号３,-1,関連事象番号４,-1,関連事象番号５,-1,関連事象番号６,-1,関連事象番号７,-1,関連事象番号８,-1,関連事象番号９,-1,関連事象番号１０,-1,関連事象番号１１,-1,関連事象番号１２,-1,関連事象番号１３,-1,関連事象番号１４,-1,関連事象番号１５,,,,,,,,
渋滞,673,削除,2026/03/26 09:38,2026/03/26 09:44,名古屋高速道路公社,本線,高速都心環状線,方向なし,1.83,高速１号楠線,上り,2.76,525,渋滞長,-1,関連事象番号１,-1,関連事象番号２,-1,関連事象番号３,-1,関連事象番号４,-1,関連事象番号５,-1,関連事象番号６,-1,関連事象番号７,-1,関連事象番号８,-1,関連事象番号９,-1,関連事象番号１０,-1,関連事象番号１１,-1,関連事象番号１２,-1,関連事象番号１３,-1,関連事象番号１４,-1,関連事象番号１５,,,,,,,,
渋滞,674,削除,2026/03/26 09:38,2026/03/26 09:48,名古屋高速道路公社,本線,高速都心環状線,方向なし,1.83,高速都心環状線,方向なし,8.3,386,渋滞長,-1,関連事象番号１,-1,関連事象番号２,-1,関連事象番号３,-1,関連事象番号４,-1,関連事象番号５,-1,関連事象番号６,-1,関連事象番号７,-1,関連事象番号８,-1,関連事象番号９,-1,関連事象番号１０,-1,関連事象番号１１,-1,関連事象番号１２,-1,関連事象番号１３,-1,関連事象番号１４,-1,関連事象番号１５,,,,,,,,
渋滞,675,削除,2026/03/26 09:38,2026/03/26 09:39,名古屋高速道路公社,本線,高速６号清須線,下り,0.55,高速都心環状線,方向なし,5.19,201,渋滞長,-1,関連事象番号１,-1,関連事象番号２,-1,関連事象番号３,-1,関連事象番号４,-1,関連事象番号５,-1,関連事象番号６,-1,関連事象番号７,-1,関連事象番号８,-1,関連事象番号９,-1,関連事象番号１０,-1,関連事象番号１１,-1,関連事象番号１２,-1,関連事象番号１３,-1,関連事象番号１４,-1,関連事象番号１５,,,,,,,,
渋滞,676,削除,2026/03/26 09:44,2026/03/26 10:09,名古屋高速道路公社,本線,高速都心環状線,方向なし,9.67,高速都心環状線,方向なし,7.27,240,渋滞長,-1,関連事象番号１,-1,関連事象番号２,-1,関連事象番号３,-1,関連事象番号４,-1,関連事象番号５,-1,関連事象番号６,-1,関連事象番号７,-1,関連事象番号８,-1,関連事象番号９,-1,関連事象番号１０,-1,関連事象番号１１,-1,関連事象番号１２,-1,関連事象番号１３,-1,関連事象番号１４,-1,関連事象番号１５,,,,,,,,
渋滞,677,削除,2026/03/26 09:44,2026/03/26 09:50,名古屋高速道路公社,本線,高速３号大高線,下り,1.86,高速３号大高線,下り,0.9,96,渋滞長,-1,関連事象番号１,-1,関連事象番号２,-1,関連事象番号３,-1,関連事象番号４,-1,関連事象番号５,-1,関連事象番号６,-1,関連事象番号７,-1,関連事象番号８,-1,関連事象番号９,-1,関連事象番号１０,-1,関連事象番号１１,-1,関連事象番号１２,-1,関連事象番号１３,-1,関連事象番号１４,-1,関連事象番号１５,,,,,,,,
渋滞,678,削除,2026/03/26 09:45,2026/03/26 09:46,名古屋高速道路公社,本線,高速都心環状線,方向なし,1.83,高速１号楠線,上り,2.76,525,渋滞長,-1,関連事象番号１,-1,関連事象番号２,-1,関連事象番号３,-1,関連事象番号４,-1,関連事象番号５,-1,関連事象番号６,-1,関連事象番号７,-1,関連事象番号８,-1,関連事象番号９,-1,関連事象番号１０,-1,関連事象番号１１,-1,関連事象番号１２,-1,関連事象番号１３,-1,関連事象番号１４,-1,関連事象番号１５,,,,,,,,
渋滞,679,削除,2026/03/26 09:46,2026/03/26 09:51,名古屋高速道路公社,本線,高速都心環状線,方向なし,6.85,高速都心環状線,方向なし,5.76,109,渋滞長,-1,関連事象番号１,-1,関連事象番号２,-1,関連事象番号３,-1,関連事象番号４,-1,関連事象番号５,-1,関連事象番号６,-1,関連事象番号７,-1,関連事象番号８,-1,関連事象番号９,-1,関連事象番号１０,-1,関連事象番号１１,-1,関連事象番号１２,-1,関連事象番号１３,-1,関連事象番号１４,-1,関連事象番号１５,,,,,,,,
渋滞,680,削除,2026/03/26 09:46,2026/03/26 09:51,名古屋高速道路公社,本線,高速６号清須線,上り,0,高速６号清須線,上り,0.47,47,渋滞長,-1,関連事象番号１,-1,関連事象番号２,-1,関連事象番号３,-1,関連事象番号４,-1,関連事象番号５,-1,関連事象番号６,-1,関連事象番号７,-1,関連事象番号８,-1,関連事象番号９,-1,関連事象番号１０,-1,関連事象番号１１,-1,関連事象番号１２,-1,関連事象番号１３,-1,関連事象番号１４,-1,関連事象番号１５,,,,,,,,
渋滞,681,削除,2026/03/26 09:50,2026/03/26 10:09,名古屋高速道路公社,本線,高速１号楠線,上り,0,高速１号楠線,上り,0.52,52,渋滞長,-1,関連事象番号１,-1,関連事象番号２,-1,関連事象番号３,-1,関連事象番号４,-1,関連事象番号５,-1,関連事象番号６,-1,関連事象番号７,-1,関連事象番号８,-1,関連事象番号９,-1,関連事象番号１０,-1,関連事象番号１１,-1,関連事象番号１２,-1,関連事象番号１３,-1,関連事象番号１４,-1,関連事象番号１５,,,,,,,,
渋滞,682,削除,2026/03/26 09:50,2026/03/26 10:12,名古屋高速道路公社,本線,高速都心環状線,方向なし,10.33,高速都心環状線,方向なし,9.25,108,渋滞長,-1,関連事象番号１,-1,関連事象番号２,-1,関連事象番号３,-1,関連事象番号４,-1,関連事象番号５,-1,関連事象番号６,-1,関連事象番号７,-1,関連事象番号８,-1,関連事象番号９,-1,関連事象番号１０,-1,関連事象番号１１,-1,関連事象番号１２,-1,関連事象番号１３,-1,関連事象番号１４,-1,関連事象番号１５,,,,,,,,
渋滞,683,削除,2026/03/26 09:55,2026/03/26 09:57,名古屋高速道路公社,本線,高速３号大高線,上り,2.32,高速３号大高線,上り,2.88,56,渋滞長,-1,関連事象番号１,-1,関連事象番号２,-1,関連事象番号３,-1,関連事象番号４,-1,関連事象番号５,-1,関連事象番号６,-1,関連事象番号７,-1,関連事象番号８,-1,関連事象番号９,-1,関連事象番号１０,-1,関連事象番号１１,-1,関連事象番号１２,-1,関連事象番号１３,-1,関連事象番号１４,-1,関連事象番号１５,,,,,,,,
渋滞,685,削除,2026/03/26 09:58,2026/03/26 10:59,名古屋高速道路公社,出口,高速４号東海線,下り,4.71,高速４号東海線,下り,4.71,0,渋滞長,-1,関連事象番号１,-1,関連事象番号２,-1,関連事象番号３,-1,関連事象番号４,-1,関連事象番号５,-1,関連事象番号６,-1,関連事象番号７,-1,関連事象番号８,-1,関連事象番号９,-1,関連事象番号１０,-1,関連事象番号１１,-1,関連事象番号１２,-1,関連事象番号１３,-1,関連事象番号１４,-1,関連事象番号１５,,,,,,,,
渋滞,686,削除,2026/03/26 10:05,2026/03/26 10:12,名古屋高速道路公社,出口,高速４号東海線,下り,4.71,高速４号東海線,下り,4.71,0,渋滞長,-1,関連事象番号１,-1,関連事象番号２,-1,関連事象番号３,-1,関連事象番号４,-1,関連事象番号５,-1,関連事象番号６,-1,関連事象番号７,-1,関連事象番号８,-1,関連事象番号９,-1,関連事象番号１０,-1,関連事象番号１１,-1,関連事象番号１２,-1,関連事象番号１３,-1,関連事象番号１４,-1,関連事象番号１５,,,,,,,,
渋滞,687,削除,2026/03/26 10:09,2026/03/26 10:16,名古屋高速道路公社,本線,高速都心環状線,方向なし,6.85,高速都心環状線,方向なし,6.65,20,渋滞長,-1,関連事象番号１,-1,関連事象番号２,-1,関連事象番号３,-1,関連事象番号４,-1,関連事象番号５,-1,関連事象番号６,-1,関連事象番号７,-1,関連事象番号８,-1,関連事象番号９,-1,関連事象番号１０,-1,関連事象番号１１,-1,関連事象番号１２,-1,関連事象番号１３,-1,関連事象番号１４,-1,関連事象番号１５,,,,,,,,
渋滞,688,削除,2026/03/26 10:11,2026/03/26 11:05,名古屋高速道路公社,本線,高速都心環状線,方向なし,1.83,高速都心環状線,方向なし,1.58,25,渋滞長,-1,関連事象番号１,-1,関連事象番号２,-1,関連事象番号３,-1,関連事象番号４,-1,関連事象番号５,-1,関連事象番号６,-1,関連事象番号７,-1,関連事象番号８,-1,関連事象番号９,-1,関連事象番号１０,-1,関連事象番号１１,-1,関連事象番号１２,-1,関連事象番号１３,-1,関連事象番号１４,-1,関連事象番号１５,,,,,,,,
渋滞,689,削除,2026/03/26 10:13,2026/03/26 10:20,名古屋高速道路公社,出口,高速４号東海線,下り,4.71,高速４号東海線,下り,4.71,0,渋滞長,-1,関連事象番号１,-1,関連事象番号２,-1,関連事象番号３,-1,関連事象番号４,-1,関連事象番号５,-1,関連事象番号６,-1,関連事象番号７,-1,関連事象番号８,-1,関連事象番号９,-1,関連事象番号１０,-1,関連事象番号１１,-1,関連事象番号１２,-1,関連事象番号１３,-1,関連事象番号１４,-1,関連事象番号１５,,,,,,,,
渋滞,690,削除,2026/03/26 10:14,2026/03/26 10:17,名古屋高速道路公社,本線,高速１１号小牧線,下り,2.4,高速１１号小牧線,下り,2,40,渋滞長,1264,関連事象番号１,-1,関連事象番号２,-1,関連事象番号３,-1,関連事象番号４,-1,関連事象番号５,-1,関連事象番号６,-1,関連事象番号７,-1,関連事象番号８,-1,関連事象番号９,-1,関連事象番号１０,-1,関連事象番号１１,-1,関連事象番号１２,-1,関連事象番号１３,-1,関連事象番号１４,-1,関連事象番号１５,,,,,,,,
渋滞,691,削除,2026/03/26 10:14,2026/03/26 10:16,名古屋高速道路公社,出口,高速１６号一宮線,下り,6.13,高速１６号一宮線,下り,6.13,0,渋滞長,-1,関連事象番号１,-1,関連事象番号２,-1,関連事象番号３,-1,関連事象番号４,-1,関連事象番号５,-1,関連事象番号６,-1,関連事象番号７,-1,関連事象番号８,-1,関連事象番号９,-1,関連事象番号１０,-1,関連事象番号１１,-1,関連事象番号１２,-1,関連事象番号１３,-1,関連事象番号１４,-1,関連事象番号１５,,,,,,,,
渋滞,692,削除,2026/03/26 10:18,2026/03/26 10:39,名古屋高速道路公社,本線,高速３号大高線,下り,0.45,高速都心環状線,方向なし,0.63,140,渋滞長,-1,関連事象番号１,-1,関連事象番号２,-1,関連事象番号３,-1,関連事象番号４,-1,関連事象番号５,-1,関連事象番号６,-1,関連事象番号７,-1,関連事象番号８,-1,関連事象番号９,-1,関連事象番号１０,-1,関連事象番号１１,-1,関連事象番号１２,-1,関連事象番号１３,-1,関連事象番号１４,-1,関連事象番号１５,,,,,,,,
渋滞,693,削除,2026/03/26 10:21,2026/03/26 10:24,名古屋高速道路公社,出口,高速４号東海線,下り,4.71,高速４号東海線,下り,4.71,0,渋滞長,-1,関連事象番号１,-1,関連事象番号２,-1,関連事象番号３,-1,関連事象番号４,-1,関連事象番号５,-1,関連事象番号６,-1,関連事象番号７,-1,関連事象番号８,-1,関連事象番号９,-1,関連事象番号１０,-1,関連事象番号１１,-1,関連事象番号１２,-1,関連事象番号１３,-1,関連事象番号１４,-1,関連事象番号１５,,,,,,,,
渋滞,694,削除,2026/03/26 10:26,2026/03/26 11:18,名古屋高速道路公社,出口,高速１１号小牧線,下り,7.51,高速１１号小牧線,下り,7.51,0,渋滞長,-1,関連事象番号１,-1,関連事象番号２,-1,関連事象番号３,-1,関連事象番号４,-1,関連事象番号５,-1,関連事象番号６,-1,関連事象番号７,-1,関連事象番号８,-1,関連事象番号９,-1,関連事象番号１０,-1,関連事象番号１１,-1,関連事象番号１２,-1,関連事象番号１３,-1,関連事象番号１４,-1,関連事象番号１５,,,,,,,,
渋滞,695,削除,2026/03/26 10:27,2026/03/26 10:45,名古屋高速道路公社,本線,高速６号清須線,上り,0,高速６号清須線,上り,1.47,147,渋滞長,-1,関連事象番号１,-1,関連事象番号２,-1,関連事象番号３,-1,関連事象番号４,-1,関連事象番号５,-1,関連事象番号６,-1,関連事象番号７,-1,関連事象番号８,-1,関連事象番号９,-1,関連事象番号１０,-1,関連事象番号１１,-1,関連事象番号１２,-1,関連事象番号１３,-1,関連事象番号１４,-1,関連事象番号１５,,,,,,,,
渋滞,696,削除,2026/03/26 10:27,2026/03/26 10:32,名古屋高速道路公社,本線,高速３号大高線,上り,2.32,高速３号大高線,上り,2.88,56,渋滞長,-1,関連事象番号１,-1,関連事象番号２,-1,関連事象番号３,-1,関連事象番号４,-1,関連事象番号５,-1,関連事象番号６,-1,関連事象番号７,-1,関連事象番号８,-1,関連事象番号９,-1,関連事象番号１０,-1,関連事象番号１１,-1,関連事象番号１２,-1,関連事象番号１３,-1,関連事象番号１４,-1,関連事象番号１５,,,,,,,,
渋滞,697,削除,2026/03/26 10:31,2026/03/26 10:55,名古屋高速道路公社,本線,高速都心環状線,方向なし,7.56,高速６号清須線,上り,0.47,118,渋滞長,-1,関連事象番号１,-1,関連事象番号２,-1,関連事象番号３,-1,関連事象番号４,-1,関連事象番号５,-1,関連事象番号６,-1,関連事象番号７,-1,関連事象番号８,-1,関連事象番号９,-1,関連事象番号１０,-1,関連事象番号１１,-1,関連事象番号１２,-1,関連事象番号１３,-1,関連事象番号１４,-1,関連事象番号１５,,,,,,,,
渋滞,698,削除,2026/03/26 10:33,2026/03/26 10:35,名古屋高速道路公社,本線,高速４号東海線,上り,0,高速４号東海線,上り,0.62,62,渋滞長,-1,関連事象番号１,-1,関連事象番号２,-1,関連事象番号３,-1,関連事象番号４,-1,関連事象番号５,-1,関連事象番号６,-1,関連事象番号７,-1,関連事象番号８,-1,関連事象番号９,-1,関連事象番号１０,-1,関連事象番号１１,-1,関連事象番号１２,-1,関連事象番号１３,-1,関連事象番号１４,-1,関連事象番号１５,,,,,,,,
渋滞,699,削除,2026/03/26 10:36,2026/03/26 10:43,名古屋高速道路公社,出口,高速４号東海線,下り,4.71,高速４号東海線,下り,4.71,0,渋滞長,-1,関連事象番号１,-1,関連事象番号２,-1,関連事象番号３,-1,関連事象番号４,-1,関連事象番号５,-1,関連事象番号６,-1,関連事象番号７,-1,関連事象番号８,-1,関連事象番号９,-1,関連事象番号１０,-1,関連事象番号１１,-1,関連事象番号１２,-1,関連事象番号１３,-1,関連事象番号１４,-1,関連事象番号１５,,,,,,,,
渋滞,700,削除,2026/03/26 10:39,2026/03/26 10:41,名古屋高速道路公社,本線,高速５号万場線,下り,1.53,高速５号万場線,下り,1.01,52,渋滞長,-1,関連事象番号１,-1,関連事象番号２,-1,関連事象番号３,-1,関連事象番号４,-1,関連事象番号５,-1,関連事象番号６,-1,関連事象番号７,-1,関連事象番号８,-1,関連事象番号９,-1,関連事象番号１０,-1,関連事象番号１１,-1,関連事象番号１２,-1,関連事象番号１３,-1,関連事象番号１４,-1,関連事象番号１５,,,,,,,,
渋滞,701,削除,2026/03/26 10:39,2026/03/26 10:40,名古屋高速道路公社,本線,高速３号大高線,上り,1.75,高速３号大高線,上り,2.32,57,渋滞長,-1,関連事象番号１,-1,関連事象番号２,-1,関連事象番号３,-1,関連事象番号４,-1,関連事象番号５,-1,関連事象番号６,-1,関連事象番号７,-1,関連事象番号８,-1,関連事象番号９,-1,関連事象番号１０,-1,関連事象番号１１,-1,関連事象番号１２,-1,関連事象番号１３,-1,関連事象番号１４,-1,関連事象番号１５,,,,,,,,
渋滞,702,削除,2026/03/26 10:39,2026/03/26 10:46,名古屋高速道路公社,本線,高速３号大高線,下り,0.9,高速３号大高線,下り,0.45,45,渋滞長,-1,関連事象番号１,-1,関連事象番号２,-1,関連事象番号３,-1,関連事象番号４,-1,関連事象番号５,-1,関連事象番号６,-1,関連事象番号７,-1,関連事象番号８,-1,関連事象番号９,-1,関連事象番号１０,-1,関連事象番号１１,-1,関連事象番号１２,-1,関連事象番号１３,-1,関連事象番号１４,-1,関連事象番号１５,,,,,,,,
渋滞,703,削除,2026/03/26 10:45,2026/03/26 11:10,名古屋高速道路公社,本線,高速都心環状線,方向なし,7.56,高速都心環状線,方向なし,7.27,29,渋滞長,-1,関連事象番号１,-1,関連事象番号２,-1,関連事象番号３,-1,関連事象番号４,-1,関連事象番号５,-1,関連事象番号６,-1,関連事象番号７,-1,関連事象番号８,-1,関連事象番号９,-1,関連事象番号１０,-1,関連事象番号１１,-1,関連事象番号１２,-1,関連事象番号１３,-1,関連事象番号１４,-1,関連事象番号１５,,,,,,,,
渋滞,704,削除,2026/03/26 10:45,2026/03/26 10:50,名古屋高速道路公社,出口,高速４号東海線,下り,4.71,高速４号東海線,下り,4.71,0,渋滞長,-1,関連事象番号１,-1,関連事象番号２,-1,関連事象番号３,-1,関連事象番号４,-1,関連事象番号５,-1,関連事象番号６,-1,関連事象番号７,-1,関連事象番号８,-1,関連事象番号９,-1,関連事象番号１０,-1,関連事象番号１１,-1,関連事象番号１２,-1,関連事象番号１３,-1,関連事象番号１４,-1,関連事象番号１５,,,,,,,,
渋滞,705,削除,2026/03/26 10:46,2026/03/26 10:48,名古屋高速道路公社,本線,高速３号大高線,下り,1.86,高速３号大高線,下り,1.35,51,渋滞長,-1,関連事象番号１,-1,関連事象番号２,-1,関連事象番号３,-1,関連事象番号４,-1,関連事象番号５,-1,関連事象番号６,-1,関連事象番号７,-1,関連事象番号８,-1,関連事象番号９,-1,関連事象番号１０,-1,関連事象番号１１,-1,関連事象番号１２,-1,関連事象番号１３,-1,関連事象番号１４,-1,関連事象番号１５,,,,,,,,
渋滞,706,削除,2026/03/26 10:47,2026/03/26 10:51,名古屋高速道路公社,本線,高速１号楠線,上り,6.05,高速１号楠線,上り,6.24,19,渋滞長,-1,関連事象番号１,-1,関連事象番号２,-1,関連事象番号３,-1,関連事象番号４,-1,関連事象番号５,-1,関連事象番号６,-1,関連事象番号７,-1,関連事象番号８,-1,関連事象番号９,-1,関連事象番号１０,-1,関連事象番号１１,-1,関連事象番号１２,-1,関連事象番号１３,-1,関連事象番号１４,-1,関連事象番号１５,,,,,,,,
渋滞,707,削除,2026/03/26 11:08,2026/03/26 11:22,名古屋高速道路公社,本線,高速５号万場線,下り,6.89,高速５号万場線,下り,6.64,25,渋滞長,-1,関連事象番号１,-1,関連事象番号２,-1,関連事象番号３,-1,関連事象番号４,-1,関連事象番号５,-1,関連事象番号６,-1,関連事象番号７,-1,関連事象番号８,-1,関連事象番号９,-1,関連事象番号１０,-1,関連事象番号１１,-1,関連事象番号１２,-1,関連事象番号１３,-1,関連事象番号１４,-1,関連事象番号１５,,,,,,,,
渋滞,708,削除,2026/03/26 11:08,2026/03/26 11:16,名古屋高速道路公社,本線,高速１号楠線,上り,6.05,高速１号楠線,上り,6.24,19,渋滞長,-1,関連事象番号１,-1,関連事象番号２,-1,関連事象番号３,-1,関連事象番号４,-1,関連事象番号５,-1,関連事象番号６,-1,関連事象番号７,-1,関連事象番号８,-1,関連事象番号９,-1,関連事象番号１０,-1,関連事象番号１１,-1,関連事象番号１２,-1,関連事象番号１３,-1,関連事象番号１４,-1,関連事象番号１５,,,,,,,,
渋滞,709,削除,2026/03/26 11:16,2026/03/26 11:18,名古屋高速道路公社,本線,高速４号東海線,上り,0,高速４号東海線,上り,0.62,62,渋滞長,-1,関連事象番号１,-1,関連事象番号２,-1,関連事象番号３,-1,関連事象番号４,-1,関連事象番号５,-1,関連事象番号６,-1,関連事象番号７,-1,関連事象番号８,-1,関連事象番号９,-1,関連事象番号１０,-1,関連事象番号１１,-1,関連事象番号１２,-1,関連事象番号１３,-1,関連事象番号１４,-1,関連事象番号１５,,,,,,,,
渋滞,710,削除,2026/03/26 11:20,2026/03/26 11:24,名古屋高速道路公社,出口,高速１１号小牧線,下り,7.51,高速１１号小牧線,下り,7.51,0,渋滞長,-1,関連事象番号１,-1,関連事象番号２,-1,関連事象番号３,-1,関連事象番号４,-1,関連事象番号５,-1,関連事象番号６,-1,関連事象番号７,-1,関連事象番号８,-1,関連事象番号９,-1,関連事象番号１０,-1,関連事象番号１１,-1,関連事象番号１２,-1,関連事象番号１３,-1,関連事象番号１４,-1,関連事象番号１５,,,,,,,,
渋滞,711,削除,2026/03/26 11:26,2026/03/26 11:29,名古屋高速道路公社,本線,高速都心環状線,方向なし,1.83,高速都心環状線,方向なし,1.58,25,渋滞長,-1,関連事象番号１,-1,関連事象番号２,-1,関連事象番号３,-1,関連事象番号４,-1,関連事象番号５,-1,関連事象番号６,-1,関連事象番号７,-1,関連事象番号８,-1,関連事象番号９,-1,関連事象番号１０,-1,関連事象番号１１,-1,関連事象番号１２,-1,関連事象番号１３,-1,関連事象番号１４,-1,関連事象番号１５,,,,,,,,
渋滞,712,削除,2026/03/26 11:35,2026/03/26 12:47,名古屋高速道路公社,出口,高速１１号小牧線,下り,7.51,高速１１号小牧線,下り,7.51,0,渋滞長,-1,関連事象番号１,-1,関連事象番号２,-1,関連事象番号３,-1,関連事象番号４,-1,関連事象番号５,-1,関連事象番号６,-1,関連事象番号７,-1,関連事象番号８,-1,関連事象番号９,-1,関連事象番号１０,-1,関連事象番号１１,-1,関連事象番号１２,-1,関連事象番号１３,-1,関連事象番号１４,-1,関連事象番号１５,,,,,,,,
渋滞,713,削除,2026/03/26 11:44,2026/03/26 11:53,名古屋高速道路公社,本線,高速４号東海線,上り,0,高速４号東海線,上り,0.62,62,渋滞長,-1,関連事象番号１,-1,関連事象番号２,-1,関連事象番号３,-1,関連事象番号４,-1,関連事象番号５,-1,関連事象番号６,-1,関連事象番号７,-1,関連事象番号８,-1,関連事象番号９,-1,関連事象番号１０,-1,関連事象番号１１,-1,関連事象番号１２,-1,関連事象番号１３,-1,関連事象番号１４,-1,関連事象番号１５,,,,,,,,
渋滞,714,削除,2026/03/26 11:49,2026/03/26 12:29,名古屋高速道路公社,本線,高速１６号一宮線,下り,1.12,高速６号清須線,下り,6,194,渋滞長,2171,関連事象番号１,-1,関連事象番号２,-1,関連事象番号３,-1,関連事象番号４,-1,関連事象番号５,-1,関連事象番号６,-1,関連事象番号７,-1,関連事象番号８,-1,関連事象番号９,-1,関連事象番号１０,-1,関連事象番号１１,-1,関連事象番号１２,-1,関連事象番号１３,-1,関連事象番号１４,-1,関連事象番号１５,,,,,,,,
渋滞,715,削除,2026/03/26 11:55,2026/03/26 12:02,名古屋高速道路公社,本線,高速４号東海線,上り,0,高速４号東海線,上り,0.62,62,渋滞長,-1,関連事象番号１,-1,関連事象番号２,-1,関連事象番号３,-1,関連事象番号４,-1,関連事象番号５,-1,関連事象番号６,-1,関連事象番号７,-1,関連事象番号８,-1,関連事象番号９,-1,関連事象番号１０,-1,関連事象番号１１,-1,関連事象番号１２,-1,関連事象番号１３,-1,関連事象番号１４,-1,関連事象番号１５,,,,,,,,
渋滞,716,削除,2026/03/26 12:14,2026/03/26 12:16,名古屋高速道路公社,本線,高速４号東海線,上り,0,高速４号東海線,上り,0.62,62,渋滞長,-1,関連事象番号１,-1,関連事象番号２,-1,関連事象番号３,-1,関連事象番号４,-1,関連事象番号５,-1,関連事象番号６,-1,関連事象番号７,-1,関連事象番号８,-1,関連事象番号９,-1,関連事象番号１０,-1,関連事象番号１１,-1,関連事象番号１２,-1,関連事象番号１３,-1,関連事象番号１４,-1,関連事象番号１５,,,,,,,,
渋滞,717,削除,2026/03/26 12:29,2026/03/26 13:22,名古屋高速道路公社,本線,高速１６号一宮線,下り,0.59,高速１６号一宮線,下り,0,59,渋滞長,1269,関連事象番号１,-1,関連事象番号２,-1,関連事象番号３,-1,関連事象番号４,-1,関連事象番号５,-1,関連事象番号６,-1,関連事象番号７,-1,関連事象番号８,-1,関連事象番号９,-1,関連事象番号１０,-1,関連事象番号１１,-1,関連事象番号１２,-1,関連事象番号１３,-1,関連事象番号１４,-1,関連事象番号１５,,,,,,,,
渋滞,718,削除,2026/03/26 12:32,2026/03/26 12:35,名古屋高速道路公社,本線,高速５号万場線,上り,0.58,高速５号万場線,上り,1.01,43,渋滞長,2533,関連事象番号１,-1,関連事象番号２,-1,関連事象番号３,-1,関連事象番号４,-1,関連事象番号５,-1,関連事象番号６,-1,関連事象番号７,-1,関連事象番号８,-1,関連事象番号９,-1,関連事象番号１０,-1,関連事象番号１１,-1,関連事象番号１２,-1,関連事象番号１３,-1,関連事象番号１４,-1,関連事象番号１５,,,,,,,,
渋滞,720,削除,2026/03/26 12:36,2026/03/26 13:03,名古屋高速道路公社,出口,高速都心環状線,方向なし,5.76,高速都心環状線,方向なし,5.76,0,渋滞長,-1,関連事象番号１,-1,関連事象番号２,-1,関連事象番号３,-1,関連事象番号４,-1,関連事象番号５,-1,関連事象番号６,-1,関連事象番号７,-1,関連事象番号８,-1,関連事象番号９,-1,関連事象番号１０,-1,関連事象番号１１,-1,関連事象番号１２,-1,関連事象番号１３,-1,関連事象番号１４,-1,関連事象番号１５,,,,,,,,
渋滞,721,削除,2026/03/26 12:42,2026/03/26 12:45,名古屋高速道路公社,出口,高速都心環状線,方向なし,5.76,高速都心環状線,方向なし,5.76,0,渋滞長,-1,関連事象番号１,-1,関連事象番号２,-1,関連事象番号３,-1,関連事象番号４,-1,関連事象番号５,-1,関連事象番号６,-1,関連事象番号７,-1,関連事象番号８,-1,関連事象番号９,-1,関連事象番号１０,-1,関連事象番号１１,-1,関連事象番号１２,-1,関連事象番号１３,-1,関連事象番号１４,-1,関連事象番号１５,,,,,,,,
渋滞,722,削除,2026/03/26 12:47,2026/03/26 12:56,名古屋高速道路公社,出口,高速都心環状線,方向なし,5.76,高速都心環状線,方向なし,5.76,0,渋滞長,-1,関連事象番号１,-1,関連事象番号２,-1,関連事象番号３,-1,関連事象番号４,-1,関連事象番号５,-1,関連事象番号６,-1,関連事象番号７,-1,関連事象番号８,-1,関連事象番号９,-1,関連事象番号１０,-1,関連事象番号１１,-1,関連事象番号１２,-1,関連事象番号１３,-1,関連事象番号１４,-1,関連事象番号１５,,,,,,,,
渋滞,723,削除,2026/03/26 13:25,2026/03/26 13:34,名古屋高速道路公社,本線,高速４号東海線,上り,0,高速４号東海線,上り,0.62,62,渋滞長,-1,関連事象番号１,-1,関連事象番号２,-1,関連事象番号３,-1,関連事象番号４,-1,関連事象番号５,-1,関連事象番号６,-1,関連事象番号７,-1,関連事象番号８,-1,関連事象番号９,-1,関連事象番号１０,-1,関連事象番号１１,-1,関連事象番号１２,-1,関連事象番号１３,-1,関連事象番号１４,-1,関連事象番号１５,,,,,,,,
渋滞,724,削除,2026/03/26 13:45,2026/03/26 13:46,名古屋高速道路公社,本線,高速２号東山線,上り,0.8,高速２号東山線,上り,0.99,19,渋滞長,2535,関連事象番号１,-1,関連事象番号２,-1,関連事象番号３,-1,関連事象番号４,-1,関連事象番号５,-1,関連事象番号６,-1,関連事象番号７,-1,関連事象番号８,-1,関連事象番号９,-1,関連事象番号１０,-1,関連事象番号１１,-1,関連事象番号１２,-1,関連事象番号１３,-1,関連事象番号１４,-1,関連事象番号１５,,,,,,,,
渋滞,725,削除,2026/03/26 13:55,2026/03/26 14:08,名古屋高速道路公社,本線,高速４号東海線,上り,0,高速４号東海線,上り,0.62,62,渋滞長,-1,関連事象番号１,-1,関連事象番号２,-1,関連事象番号３,-1,関連事象番号４,-1,関連事象番号５,-1,関連事象番号６,-1,関連事象番号７,-1,関連事象番号８,-1,関連事象番号９,-1,関連事象番号１０,-1,関連事象番号１１,-1,関連事象番号１２,-1,関連事象番号１３,-1,関連事象番号１４,-1,関連事象番号１５,,,,,,,,
渋滞,726,削除,2026/03/26 13:55,2026/03/26 13:56,名古屋高速道路公社,本線,高速４号東海線,下り,6.29,高速４号東海線,下り,5.76,53,渋滞長,-1,関連事象番号１,-1,関連事象番号２,-1,関連事象番号３,-1,関連事象番号４,-1,関連事象番号５,-1,関連事象番号６,-1,関連事象番号７,-1,関連事象番号８,-1,関連事象番号９,-1,関連事象番号１０,-1,関連事象番号１１,-1,関連事象番号１２,-1,関連事象番号１３,-1,関連事象番号１４,-1,関連事象番号１５,,,,,,,,
渋滞,728,削除,2026/03/26 13:59,2026/03/26 14:47,名古屋高速道路公社,出口,高速１１号小牧線,下り,7.51,高速１１号小牧線,下り,7.51,0,渋滞長,-1,関連事象番号１,-1,関連事象番号２,-1,関連事象番号３,-1,関連事象番号４,-1,関連事象番号５,-1,関連事象番号６,-1,関連事象番号７,-1,関連事象番号８,-1,関連事象番号９,-1,関連事象番号１０,-1,関連事象番号１１,-1,関連事象番号１２,-1,関連事象番号１３,-1,関連事象番号１４,-1,関連事象番号１５,,,,,,,,
渋滞,730,削除,2026/03/26 14:04,2026/03/26 15:30,名古屋高速道路公社,出口,高速都心環状線,方向なし,5.76,高速都心環状線,方向なし,5.76,0,渋滞長,-1,関連事象番号１,-1,関連事象番号２,-1,関連事象番号３,-1,関連事象番号４,-1,関連事象番号５,-1,関連事象番号６,-1,関連事象番号７,-1,関連事象番号８,-1,関連事象番号９,-1,関連事象番号１０,-1,関連事象番号１１,-1,関連事象番号１２,-1,関連事象番号１３,-1,関連事象番号１４,-1,関連事象番号１５,,,,,,,,
渋滞,731,削除,2026/03/26 14:13,2026/03/26 14:22,名古屋高速道路公社,出口,高速１１号小牧線,下り,7.51,高速１１号小牧線,下り,7.51,0,渋滞長,-1,関連事象番号１,-1,関連事象番号２,-1,関連事象番号３,-1,関連事象番号４,-1,関連事象番号５,-1,関連事象番号６,-1,関連事象番号７,-1,関連事象番号８,-1,関連事象番号９,-1,関連事象番号１０,-1,関連事象番号１１,-1,関連事象番号１２,-1,関連事象番号１３,-1,関連事象番号１４,-1,関連事象番号１５,,,,,,,,
渋滞,732,削除,2026/03/26 14:29,2026/03/26 14:37,名古屋高速道路公社,本線,高速都心環状線,方向なし,1.83,高速都心環状線,方向なし,1.58,25,渋滞長,-1,関連事象番号１,-1,関連事象番号２,-1,関連事象番号３,-1,関連事象番号４,-1,関連事象番号５,-1,関連事象番号６,-1,関連事象番号７,-1,関連事象番号８,-1,関連事象番号９,-1,関連事象番号１０,-1,関連事象番号１１,-1,関連事象番号１２,-1,関連事象番号１３,-1,関連事象番号１４,-1,関連事象番号１５,,,,,,,,
渋滞,733,削除,2026/03/26 14:29,2026/03/26 14:31,名古屋高速道路公社,本線,高速４号東海線,上り,0,高速４号東海線,上り,0.62,62,渋滞長,-1,関連事象番号１,-1,関連事象番号２,-1,関連事象番号３,-1,関連事象番号４,-1,関連事象番号５,-1,関連事象番号６,-1,関連事象番号７,-1,関連事象番号８,-1,関連事象番号９,-1,関連事象番号１０,-1,関連事象番号１１,-1,関連事象番号１２,-1,関連事象番号１３,-1,関連事象番号１４,-1,関連事象番号１５,,,,,,,,
渋滞,734,削除,2026/03/26 14:36,2026/03/26 14:38,名古屋高速道路公社,本線,高速３号大高線,上り,0,高速３号大高線,上り,0.24,24,渋滞長,-1,関連事象番号１,-1,関連事象番号２,-1,関連事象番号３,-1,関連事象番号４,-1,関連事象番号５,-1,関連事象番号６,-1,関連事象番号７,-1,関連事象番号８,-1,関連事象番号９,-1,関連事象番号１０,-1,関連事象番号１１,-1,関連事象番号１２,-1,関連事象番号１３,-1,関連事象番号１４,-1,関連事象番号１５,,,,,,,,
渋滞,735,削除,2026/03/26 14:39,2026/03/26 14:40,名古屋高速道路公社,本線,高速２号東山線,上り,0,高速２号東山線,上り,0.8,80,渋滞長,2535,関連事象番号１,-1,関連事象番号２,-1,関連事象番号３,-1,関連事象番号４,-1,関連事象番号５,-1,関連事象番号６,-1,関連事象番号７,-1,関連事象番号８,-1,関連事象番号９,-1,関連事象番号１０,-1,関連事象番号１１,-1,関連事象番号１２,-1,関連事象番号１３,-1,関連事象番号１４,-1,関連事象番号１５,,,,,,,,
渋滞,736,削除,2026/03/26 14:44,2026/03/26 14:50,名古屋高速道路公社,本線,高速４号東海線,上り,0,高速４号東海線,上り,0.62,62,渋滞長,-1,関連事象番号１,-1,関連事象番号２,-1,関連事象番号３,-1,関連事象番号４,-1,関連事象番号５,-1,関連事象番号６,-1,関連事象番号７,-1,関連事象番号８,-1,関連事象番号９,-1,関連事象番号１０,-1,関連事象番号１１,-1,関連事象番号１２,-1,関連事象番号１３,-1,関連事象番号１４,-1,関連事象番号１５,,,,,,,,
渋滞,737,削除,2026/03/26 14:47,2026/03/26 14:55,名古屋高速道路公社,本線,高速３号大高線,上り,8.58,高速３号大高線,上り,9.05,47,渋滞長,-1,関連事象番号１,-1,関連事象番号２,-1,関連事象番号３,-1,関連事象番号４,-1,関連事象番号５,-1,関連事象番号６,-1,関連事象番号７,-1,関連事象番号８,-1,関連事象番号９,-1,関連事象番号１０,-1,関連事象番号１１,-1,関連事象番号１２,-1,関連事象番号１３,-1,関連事象番号１４,-1,関連事象番号１５,,,,,,,,
渋滞,739,削除,2026/03/26 15:02,2026/03/26 16:36,名古屋高速道路公社,出口,高速５号万場線,下り,1.01,高速５号万場線,下り,1.01,0,渋滞長,-1,関連事象番号１,-1,関連事象番号２,-1,関連事象番号３,-1,関連事象番号４,-1,関連事象番号５,-1,関連事象番号６,-1,関連事象番号７,-1,関連事象番号８,-1,関連事象番号９,-1,関連事象番号１０,-1,関連事象番号１１,-1,関連事象番号１２,-1,関連事象番号１３,-1,関連事象番号１４,-1,関連事象番号１５,,,,,,,,
渋滞,740,削除,2026/03/26 15:08,2026/03/26 15:10,名古屋高速道路公社,本線,高速４号東海線,上り,0,高速４号東海線,上り,0.62,62,渋滞長,-1,関連事象番号１,-1,関連事象番号２,-1,関連事象番号３,-1,関連事象番号４,-1,関連事象番号５,-1,関連事象番号６,-1,関連事象番号７,-1,関連事象番号８,-1,関連事象番号９,-1,関連事象番号１０,-1,関連事象番号１１,-1,関連事象番号１２,-1,関連事象番号１３,-1,関連事象番号１４,-1,関連事象番号１５,,,,,,,,
渋滞,741,削除,2026/03/26 15:19,2026/03/26 15:22,名古屋高速道路公社,本線,高速都心環状線,方向なし,1.83,高速都心環状線,方向なし,1.58,25,渋滞長,-1,関連事象番号１,-1,関連事象番号２,-1,関連事象番号３,-1,関連事象番号４,-1,関連事象番号５,-1,関連事象番号６,-1,関連事象番号７,-1,関連事象番号８,-1,関連事象番号９,-1,関連事象番号１０,-1,関連事象番号１１,-1,関連事象番号１２,-1,関連事象番号１３,-1,関連事象番号１４,-1,関連事象番号１５,,,,,,,,
渋滞,742,削除,2026/03/26 15:19,2026/03/26 15:24,名古屋高速道路公社,本線,高速３号大高線,上り,0,高速３号大高線,上り,0.24,24,渋滞長,-1,関連事象番号１,-1,関連事象番号２,-1,関連事象番号３,-1,関連事象番号４,-1,関連事象番号５,-1,関連事象番号６,-1,関連事象番号７,-1,関連事象番号８,-1,関連事象番号９,-1,関連事象番号１０,-1,関連事象番号１１,-1,関連事象番号１２,-1,関連事象番号１３,-1,関連事象番号１４,-1,関連事象番号１５,,,,,,,,
渋滞,743,削除,2026/03/26 15:25,2026/03/26 15:37,名古屋高速道路公社,本線,高速４号東海線,上り,0,高速４号東海線,上り,0.62,62,渋滞長,-1,関連事象番号１,-1,関連事象番号２,-1,関連事象番号３,-1,関連事象番号４,-1,関連事象番号５,-1,関連事象番号６,-1,関連事象番号７,-1,関連事象番号８,-1,関連事象番号９,-1,関連事象番号１０,-1,関連事象番号１１,-1,関連事象番号１２,-1,関連事象番号１３,-1,関連事象番号１４,-1,関連事象番号１５,,,,,,,,
渋滞,744,削除,2026/03/26 15:28,2026/03/26 15:31,名古屋高速道路公社,出口,高速５号万場線,下り,1.01,高速５号万場線,下り,1.01,0,渋滞長,-1,関連事象番号１,-1,関連事象番号２,-1,関連事象番号３,-1,関連事象番号４,-1,関連事象番号５,-1,関連事象番号６,-1,関連事象番号７,-1,関連事象番号８,-1,関連事象番号９,-1,関連事象番号１０,-1,関連事象番号１１,-1,関連事象番号１２,-1,関連事象番号１３,-1,関連事象番号１４,-1,関連事象番号１５,,,,,,,,
渋滞,745,削除,2026/03/26 15:29,2026/03/26 15:34,名古屋高速道路公社,本線,高速都心環状線,方向なし,1.83,高速都心環状線,方向なし,1.58,25,渋滞長,-1,関連事象番号１,-1,関連事象番号２,-1,関連事象番号３,-1,関連事象番号４,-1,関連事象番号５,-1,関連事象番号６,-1,関連事象番号７,-1,関連事象番号８,-1,関連事象番号９,-1,関連事象番号１０,-1,関連事象番号１１,-1,関連事象番号１２,-1,関連事象番号１３,-1,関連事象番号１４,-1,関連事象番号１５,,,,,,,,
渋滞,746,削除,2026/03/26 15:39,2026/03/26 16:11,名古屋高速道路公社,本線,高速４号東海線,上り,0,高速４号東海線,上り,0.62,62,渋滞長,-1,関連事象番号１,-1,関連事象番号２,-1,関連事象番号３,-1,関連事象番号４,-1,関連事象番号５,-1,関連事象番号６,-1,関連事象番号７,-1,関連事象番号８,-1,関連事象番号９,-1,関連事象番号１０,-1,関連事象番号１１,-1,関連事象番号１２,-1,関連事象番号１３,-1,関連事象番号１４,-1,関連事象番号１５,,,,,,,,
渋滞,747,削除,2026/03/26 15:51,2026/03/26 16:00,名古屋高速道路公社,本線,高速都心環状線,方向なし,1.83,高速都心環状線,方向なし,1.58,25,渋滞長,-1,関連事象番号１,-1,関連事象番号２,-1,関連事象番号３,-1,関連事象番号４,-1,関連事象番号５,-1,関連事象番号６,-1,関連事象番号７,-1,関連事象番号８,-1,関連事象番号９,-1,関連事象番号１０,-1,関連事象番号１１,-1,関連事象番号１２,-1,関連事象番号１３,-1,関連事象番号１４,-1,関連事象番号１５,,,,,,,,
渋滞,748,削除,2026/03/26 15:53,2026/03/26 16:03,名古屋高速道路公社,本線,高速３号大高線,上り,0,高速３号大高線,上り,0.24,24,渋滞長,-1,関連事象番号１,-1,関連事象番号２,-1,関連事象番号３,-1,関連事象番号４,-1,関連事象番号５,-1,関連事象番号６,-1,関連事象番号７,-1,関連事象番号８,-1,関連事象番号９,-1,関連事象番号１０,-1,関連事象番号１１,-1,関連事象番号１２,-1,関連事象番号１３,-1,関連事象番号１４,-1,関連事象番号１５,,,,,,,,
渋滞,749,削除,2026/03/26 16:00,2026/03/26 16:12,名古屋高速道路公社,出口,高速１１号小牧線,下り,7.51,高速１１号小牧線,下り,7.51,0,渋滞長,-1,関連事象番号１,-1,関連事象番号２,-1,関連事象番号３,-1,関連事象番号４,-1,関連事象番号５,-1,関連事象番号６,-1,関連事象番号７,-1,関連事象番号８,-1,関連事象番号９,-1,関連事象番号１０,-1,関連事象番号１１,-1,関連事象番号１２,-1,関連事象番号１３,-1,関連事象番号１４,-1,関連事象番号１５,,,,,,,,
渋滞,751,削除,2026/03/26 16:01,2026/03/26 16:05,名古屋高速道路公社,出口,高速１１号小牧線,下り,7.51,高速１１号小牧線,下り,7.51,0,渋滞長,-1,関連事象番号１,-1,関連事象番号２,-1,関連事象番号３,-1,関連事象番号４,-1,関連事象番号５,-1,関連事象番号６,-1,関連事象番号７,-1,関連事象番号８,-1,関連事象番号９,-1,関連事象番号１０,-1,関連事象番号１１,-1,関連事象番号１２,-1,関連事象番号１３,-1,関連事象番号１４,-1,関連事象番号１５,,,,,,,,
渋滞,752,削除,2026/03/26 16:04,2026/03/26 16:11,名古屋高速道路公社,本線,高速５号万場線,下り,5.25,高速５号万場線,下り,4.71,54,渋滞長,-1,関連事象番号１,-1,関連事象番号２,-1,関連事象番号３,-1,関連事象番号４,-1,関連事象番号５,-1,関連事象番号６,-1,関連事象番号７,-1,関連事象番号８,-1,関連事象番号９,-1,関連事象番号１０,-1,関連事象番号１１,-1,関連事象番号１２,-1,関連事象番号１３,-1,関連事象番号１４,-1,関連事象番号１５,,,,,,,,
渋滞,754,削除,2026/03/26 16:11,2026/03/26 16:19,名古屋高速道路公社,出口,高速都心環状線,方向なし,7.27,高速都心環状線,方向なし,7.27,0,渋滞長,-1,関連事象番号１,-1,関連事象番号２,-1,関連事象番号３,-1,関連事象番号４,-1,関連事象番号５,-1,関連事象番号６,-1,関連事象番号７,-1,関連事象番号８,-1,関連事象番号９,-1,関連事象番号１０,-1,関連事象番号１１,-1,関連事象番号１２,-1,関連事象番号１３,-1,関連事象番号１４,-1,関連事象番号１５,,,,,,,,
渋滞,755,削除,2026/03/26 16:13,2026/03/26 16:22,名古屋高速道路公社,本線,高速都心環状線,方向なし,6.85,高速都心環状線,方向なし,6.65,20,渋滞長,-1,関連事象番号１,-1,関連事象番号２,-1,関連事象番号３,-1,関連事象番号４,-1,関連事象番号５,-1,関連事象番号６,-1,関連事象番号７,-1,関連事象番号８,-1,関連事象番号９,-1,関連事象番号１０,-1,関連事象番号１１,-1,関連事象番号１２,-1,関連事象番号１３,-1,関連事象番号１４,-1,関連事象番号１５,,,,,,,,
渋滞,756,削除,2026/03/26 16:22,2026/03/26 16:30,名古屋高速道路公社,本線,高速３号大高線,上り,8.11,高速３号大高線,上り,9.99,188,渋滞長,-1,関連事象番号１,-1,関連事象番号２,-1,関連事象番号３,-1,関連事象番号４,-1,関連事象番号５,-1,関連事象番号６,-1,関連事象番号７,-1,関連事象番号８,-1,関連事象番号９,-1,関連事象番号１０,-1,関連事象番号１１,-1,関連事象番号１２,-1,関連事象番号１３,-1,関連事象番号１４,-1,関連事象番号１５,,,,,,,,
渋滞,757,削除,2026/03/26 16:25,2026/03/26 16:28,名古屋高速道路公社,本線,高速３号大高線,上り,0,高速３号大高線,上り,0.24,24,渋滞長,-1,関連事象番号１,-1,関連事象番号２,-1,関連事象番号３,-1,関連事象番号４,-1,関連事象番号５,-1,関連事象番号６,-1,関連事象番号７,-1,関連事象番号８,-1,関連事象番号９,-1,関連事象番号１０,-1,関連事象番号１１,-1,関連事象番号１２,-1,関連事象番号１３,-1,関連事象番号１４,-1,関連事象番号１５,,,,,,,,
渋滞,758,削除,2026/03/26 16:27,2026/03/26 16:47,名古屋高速道路公社,本線,高速都心環状線,方向なし,1.83,高速都心環状線,方向なし,1.58,25,渋滞長,-1,関連事象番号１,-1,関連事象番号２,-1,関連事象番号３,-1,関連事象番号４,-1,関連事象番号５,-1,関連事象番号６,-1,関連事象番号７,-1,関連事象番号８,-1,関連事象番号９,-1,関連事象番号１０,-1,関連事象番号１１,-1,関連事象番号１２,-1,関連事象番号１３,-1,関連事象番号１４,-1,関連事象番号１５,,,,,,,,
渋滞,759,削除,2026/03/26 16:27,2026/03/26 18:11,名古屋高速道路公社,本線,高速都心環状線,方向なし,6.85,高速４号東海線,上り,2.11,490,渋滞長,-1,関連事象番号１,-1,関連事象番号２,-1,関連事象番号３,-1,関連事象番号４,-1,関連事象番号５,-1,関連事象番号６,-1,関連事象番号７,-1,関連事象番号８,-1,関連事象番号９,-1,関連事象番号１０,-1,関連事象番号１１,-1,関連事象番号１２,-1,関連事象番号１３,-1,関連事象番号１４,-1,関連事象番号１５,,,,,,,,
渋滞,760,削除,2026/03/26 16:30,2026/03/26 18:26,名古屋高速道路公社,本線,高速３号大高線,上り,2.32,高速３号大高線,上り,2.88,56,渋滞長,-1,関連事象番号１,-1,関連事象番号２,-1,関連事象番号３,-1,関連事象番号４,-1,関連事象番号５,-1,関連事象番号６,-1,関連事象番号７,-1,関連事象番号８,-1,関連事象番号９,-1,関連事象番号１０,-1,関連事象番号１１,-1,関連事象番号１２,-1,関連事象番号１３,-1,関連事象番号１４,-1,関連事象番号１５,,,,,,,,
渋滞,761,削除,2026/03/26 16:30,2026/03/26 16:34,名古屋高速道路公社,本線,高速３号大高線,上り,8.58,高速３号大高線,上り,9.05,47,渋滞長,-1,関連事象番号１,-1,関連事象番号２,-1,関連事象番号３,-1,関連事象番号４,-1,関連事象番号５,-1,関連事象番号６,-1,関連事象番号７,-1,関連事象番号８,-1,関連事象番号９,-1,関連事象番号１０,-1,関連事象番号１１,-1,関連事象番号１２,-1,関連事象番号１３,-1,関連事象番号１４,-1,関連事象番号１５,,,,,,,,
渋滞,763,削除,2026/03/26 16:35,2026/03/26 18:50,名古屋高速道路公社,本線,高速４号東海線,上り,0,高速４号東海線,上り,0.62,62,渋滞長,-1,関連事象番号１,-1,関連事象番号２,-1,関連事象番号３,-1,関連事象番号４,-1,関連事象番号５,-1,関連事象番号６,-1,関連事象番号７,-1,関連事象番号８,-1,関連事象番号９,-1,関連事象番号１０,-1,関連事象番号１１,-1,関連事象番号１２,-1,関連事象番号１３,-1,関連事象番号１４,-1,関連事象番号１５,,,,,,,,
渋滞,764,削除,2026/03/26 16:36,2026/03/26 16:38,名古屋高速道路公社,出口,高速都心環状線,方向なし,5.76,高速都心環状線,方向なし,5.76,0,渋滞長,-1,関連事象番号１,-1,関連事象番号２,-1,関連事象番号３,-1,関連事象番号４,-1,関連事象番号５,-1,関連事象番号６,-1,関連事象番号７,-1,関連事象番号８,-1,関連事象番号９,-1,関連事象番号１０,-1,関連事象番号１１,-1,関連事象番号１２,-1,関連事象番号１３,-1,関連事象番号１４,-1,関連事象番号１５,,,,,,,,
渋滞,765,削除,2026/03/26 16:37,2026/03/26 16:38,名古屋高速道路公社,本線,高速５号万場線,下り,1.53,高速５号万場線,下り,1.01,52,渋滞長,-1,関連事象番号１,-1,関連事象番号２,-1,関連事象番号３,-1,関連事象番号４,-1,関連事象番号５,-1,関連事象番号６,-1,関連事象番号７,-1,関連事象番号８,-1,関連事象番号９,-1,関連事象番号１０,-1,関連事象番号１１,-1,関連事象番号１２,-1,関連事象番号１３,-1,関連事象番号１４,-1,関連事象番号１５,,,,,,,,
渋滞,766,削除,2026/03/26 16:37,2026/03/26 16:56,名古屋高速道路公社,本線,高速３号大高線,上り,8.58,高速３号大高線,上り,10.9,232,渋滞長,-1,関連事象番号１,-1,関連事象番号２,-1,関連事象番号３,-1,関連事象番号４,-1,関連事象番号５,-1,関連事象番号６,-1,関連事象番号７,-1,関連事象番号８,-1,関連事象番号９,-1,関連事象番号１０,-1,関連事象番号１１,-1,関連事象番号１２,-1,関連事象番号１３,-1,関連事象番号１４,-1,関連事象番号１５,,,,,,,,
渋滞,767,削除,2026/03/26 16:40,2026/03/26 16:41,名古屋高速道路公社,本線,高速３号大高線,上り,8.11,高速３号大高線,上り,8.58,47,渋滞長,-1,関連事象番号１,-1,関連事象番号２,-1,関連事象番号３,-1,関連事象番号４,-1,関連事象番号５,-1,関連事象番号６,-1,関連事象番号７,-1,関連事象番号８,-1,関連事象番号９,-1,関連事象番号１０,-1,関連事象番号１１,-1,関連事象番号１２,-1,関連事象番号１３,-1,関連事象番号１４,-1,関連事象番号１５,,,,,,,,
渋滞,768,削除,2026/03/26 16:46,2026/03/26 16:49,名古屋高速道路公社,出口,高速都心環状線,方向なし,5.76,高速都心環状線,方向なし,5.76,0,渋滞長,-1,関連事象番号１,-1,関連事象番号２,-1,関連事象番号３,-1,関連事象番号４,-1,関連事象番号５,-1,関連事象番号６,-1,関連事象番号７,-1,関連事象番号８,-1,関連事象番号９,-1,関連事象番号１０,-1,関連事象番号１１,-1,関連事象番号１２,-1,関連事象番号１３,-1,関連事象番号１４,-1,関連事象番号１５,,,,,,,,
渋滞,769,削除,2026/03/26 16:50,2026/03/26 16:53,名古屋高速道路公社,本線,高速３号大高線,上り,2.32,高速３号大高線,上り,2.88,56,渋滞長,-1,関連事象番号１,-1,関連事象番号２,-1,関連事象番号３,-1,関連事象番号４,-1,関連事象番号５,-1,関連事象番号６,-1,関連事象番号７,-1,関連事象番号８,-1,関連事象番号９,-1,関連事象番号１０,-1,関連事象番号１１,-1,関連事象番号１２,-1,関連事象番号１３,-1,関連事象番号１４,-1,関連事象番号１５,,,,,,,,
渋滞,770,削除,2026/03/26 16:53,2026/03/26 16:56,名古屋高速道路公社,出口,高速都心環状線,方向なし,5.76,高速都心環状線,方向なし,5.76,0,渋滞長,-1,関連事象番号１,-1,関連事象番号２,-1,関連事象番号３,-1,関連事象番号４,-1,関連事象番号５,-1,関連事象番号６,-1,関連事象番号７,-1,関連事象番号８,-1,関連事象番号９,-1,関連事象番号１０,-1,関連事象番号１１,-1,関連事象番号１２,-1,関連事象番号１３,-1,関連事象番号１４,-1,関連事象番号１５,,,,,,,,
渋滞,771,削除,2026/03/26 16:54,2026/03/26 16:57,名古屋高速道路公社,本線,高速都心環状線,方向なし,1.83,高速都心環状線,方向なし,1.58,25,渋滞長,-1,関連事象番号１,-1,関連事象番号２,-1,関連事象番号３,-1,関連事象番号４,-1,関連事象番号５,-1,関連事象番号６,-1,関連事象番号７,-1,関連事象番号８,-1,関連事象番号９,-1,関連事象番号１０,-1,関連事象番号１１,-1,関連事象番号１２,-1,関連事象番号１３,-1,関連事象番号１４,-1,関連事象番号１５,,,,,,,,
渋滞,772,削除,2026/03/26 16:56,2026/03/26 17:02,名古屋高速道路公社,本線,高速３号大高線,上り,8.58,高速３号大高線,上り,9.05,47,渋滞長,-1,関連事象番号１,-1,関連事象番号２,-1,関連事象番号３,-1,関連事象番号４,-1,関連事象番号５,-1,関連事象番号６,-1,関連事象番号７,-1,関連事象番号８,-1,関連事象番号９,-1,関連事象番号１０,-1,関連事象番号１１,-1,関連事象番号１２,-1,関連事象番号１３,-1,関連事象番号１４,-1,関連事象番号１５,,,,,,,,
渋滞,773,削除,2026/03/26 17:04,2026/03/26 17:09,名古屋高速道路公社,本線,高速３号大高線,上り,8.11,高速３号大高線,上り,9.05,94,渋滞長,-1,関連事象番号１,-1,関連事象番号２,-1,関連事象番号３,-1,関連事象番号４,-1,関連事象番号５,-1,関連事象番号６,-1,関連事象番号７,-1,関連事象番号８,-1,関連事象番号９,-1,関連事象番号１０,-1,関連事象番号１１,-1,関連事象番号１２,-1,関連事象番号１３,-1,関連事象番号１４,-1,関連事象番号１５,,,,,,,,
渋滞,774,削除,2026/03/26 17:23,2026/03/26 17:24,名古屋高速道路公社,本線,高速３号大高線,上り,0,高速３号大高線,上り,0.24,24,渋滞長,-1,関連事象番号１,-1,関連事象番号２,-1,関連事象番号３,-1,関連事象番号４,-1,関連事象番号５,-1,関連事象番号６,-1,関連事象番号７,-1,関連事象番号８,-1,関連事象番号９,-1,関連事象番号１０,-1,関連事象番号１１,-1,関連事象番号１２,-1,関連事象番号１３,-1,関連事象番号１４,-1,関連事象番号１５,,,,,,,,
渋滞,775,削除,2026/03/26 17:25,2026/03/26 17:27,名古屋高速道路公社,本線,高速１１号小牧線,上り,4.94,高速１１号小牧線,上り,5.41,47,渋滞長,2418,関連事象番号１,-1,関連事象番号２,-1,関連事象番号３,-1,関連事象番号４,-1,関連事象番号５,-1,関連事象番号６,-1,関連事象番号７,-1,関連事象番号８,-1,関連事象番号９,-1,関連事象番号１０,-1,関連事象番号１１,-1,関連事象番号１２,-1,関連事象番号１３,-1,関連事象番号１４,-1,関連事象番号１５,,,,,,,,
渋滞,776,削除,2026/03/26 17:25,2026/03/26 18:00,名古屋高速道路公社,本線,高速都心環状線,方向なし,1.83,高速都心環状線,方向なし,1.58,25,渋滞長,-1,関連事象番号１,-1,関連事象番号２,-1,関連事象番号３,-1,関連事象番号４,-1,関連事象番号５,-1,関連事象番号６,-1,関連事象番号７,-1,関連事象番号８,-1,関連事象番号９,-1,関連事象番号１０,-1,関連事象番号１１,-1,関連事象番号１２,-1,関連事象番号１３,-1,関連事象番号１４,-1,関連事象番号１５,,,,,,,,
渋滞,778,削除,2026/03/26 17:27,2026/03/26 19:15,名古屋高速道路公社,出口,高速１１号小牧線,下り,7.51,高速１１号小牧線,下り,7.51,0,渋滞長,-1,関連事象番号１,-1,関連事象番号２,-1,関連事象番号３,-1,関連事象番号４,-1,関連事象番号５,-1,関連事象番号６,-1,関連事象番号７,-1,関連事象番号８,-1,関連事象番号９,-1,関連事象番号１０,-1,関連事象番号１１,-1,関連事象番号１２,-1,関連事象番号１３,-1,関連事象番号１４,-1,関連事象番号１５,,,,,,,,
渋滞,779,削除,2026/03/26 17:28,2026/03/26 17:40,名古屋高速道路公社,本線,高速都心環状線,方向なし,1.83,高速都心環状線,方向なし,1.58,25,渋滞長,-1,関連事象番号１,-1,関連事象番号２,-1,関連事象番号３,-1,関連事象番号４,-1,関連事象番号５,-1,関連事象番号６,-1,関連事象番号７,-1,関連事象番号８,-1,関連事象番号９,-1,関連事象番号１０,-1,関連事象番号１１,-1,関連事象番号１２,-1,関連事象番号１３,-1,関連事象番号１４,-1,関連事象番号１５,,,,,,,,
渋滞,781,削除,2026/03/26 17:31,2026/03/26 18:20,名古屋高速道路公社,出口,高速２号東山線,下り,0.8,高速２号東山線,下り,0.8,0,渋滞長,-1,関連事象番号１,-1,関連事象番号２,-1,関連事象番号３,-1,関連事象番号４,-1,関連事象番号５,-1,関連事象番号６,-1,関連事象番号７,-1,関連事象番号８,-1,関連事象番号９,-1,関連事象番号１０,-1,関連事象番号１１,-1,関連事象番号１２,-1,関連事象番号１３,-1,関連事象番号１４,-1,関連事象番号１５,,,,,,,,
渋滞,782,削除,2026/03/26 17:35,2026/03/26 18:18,名古屋高速道路公社,出口,高速１６号一宮線,下り,8.14,高速１６号一宮線,下り,8.14,0,渋滞長,-1,関連事象番号１,-1,関連事象番号２,-1,関連事象番号３,-1,関連事象番号４,-1,関連事象番号５,-1,関連事象番号６,-1,関連事象番号７,-1,関連事象番号８,-1,関連事象番号９,-1,関連事象番号１０,-1,関連事象番号１１,-1,関連事象番号１２,-1,関連事象番号１３,-1,関連事象番号１４,-1,関連事象番号１５,,,,,,,,
渋滞,784,削除,2026/03/26 17:36,2026/03/26 18:15,名古屋高速道路公社,出口,高速１６号一宮線,下り,8.14,高速１６号一宮線,下り,8.14,0,渋滞長,-1,関連事象番号１,-1,関連事象番号２,-1,関連事象番号３,-1,関連事象番号４,-1,関連事象番号５,-1,関連事象番号６,-1,関連事象番号７,-1,関連事象番号８,-1,関連事象番号９,-1,関連事象番号１０,-1,関連事象番号１１,-1,関連事象番号１２,-1,関連事象番号１３,-1,関連事象番号１４,-1,関連事象番号１５,,,,,,,,
渋滞,785,削除,2026/03/26 17:37,2026/03/26 17:49,名古屋高速道路公社,本線,高速３号大高線,上り,7.1,高速３号大高線,上り,7.6,50,渋滞長,-1,関連事象番号１,-1,関連事象番号２,-1,関連事象番号３,-1,関連事象番号４,-1,関連事象番号５,-1,関連事象番号６,-1,関連事象番号７,-1,関連事象番号８,-1,関連事象番号９,-1,関連事象番号１０,-1,関連事象番号１１,-1,関連事象番号１２,-1,関連事象番号１３,-1,関連事象番号１４,-1,関連事象番号１５,,,,,,,,
渋滞,786,削除,2026/03/26 17:43,2026/03/26 17:45,名古屋高速道路公社,出口,高速１１号小牧線,下り,7.51,高速１１号小牧線,下り,7.51,0,渋滞長,-1,関連事象番号１,-1,関連事象番号２,-1,関連事象番号３,-1,関連事象番号４,-1,関連事象番号５,-1,関連事象番号６,-1,関連事象番号７,-1,関連事象番号８,-1,関連事象番号９,-1,関連事象番号１０,-1,関連事象番号１１,-1,関連事象番号１２,-1,関連事象番号１３,-1,関連事象番号１４,-1,関連事象番号１５,,,,,,,,
渋滞,787,削除,2026/03/26 17:44,2026/03/26 17:54,名古屋高速道路公社,本線,高速都心環状線,方向なし,2.28,高速都心環状線,方向なし,1.58,70,渋滞長,-1,関連事象番号１,-1,関連事象番号２,-1,関連事象番号３,-1,関連事象番号４,-1,関連事象番号５,-1,関連事象番号６,-1,関連事象番号７,-1,関連事象番号８,-1,関連事象番号９,-1,関連事象番号１０,-1,関連事象番号１１,-1,関連事象番号１２,-1,関連事象番号１３,-1,関連事象番号１４,-1,関連事象番号１５,,,,,,,,
渋滞,788,削除,2026/03/26 17:44,2026/03/26 17:45,名古屋高速道路公社,出口,高速都心環状線,方向なし,7.27,高速都心環状線,方向なし,6.85,42,渋滞長,-1,関連事象番号１,-1,関連事象番号２,-1,関連事象番号３,-1,関連事象番号４,-1,関連事象番号５,-1,関連事象番号６,-1,関連事象番号７,-1,関連事象番号８,-1,関連事象番号９,-1,関連事象番号１０,-1,関連事象番号１１,-1,関連事象番号１２,-1,関連事象番号１３,-1,関連事象番号１４,-1,関連事象番号１５,,,,,,,,
渋滞,789,削除,2026/03/26 17:46,2026/03/26 17:51,名古屋高速道路公社,本線,高速都心環状線,方向なし,6.85,高速都心環状線,方向なし,6.65,20,渋滞長,-1,関連事象番号１,-1,関連事象番号２,-1,関連事象番号３,-1,関連事象番号４,-1,関連事象番号５,-1,関連事象番号６,-1,関連事象番号７,-1,関連事象番号８,-1,関連事象番号９,-1,関連事象番号１０,-1,関連事象番号１１,-1,関連事象番号１２,-1,関連事象番号１３,-1,関連事象番号１４,-1,関連事象番号１５,,,,,,,,
渋滞,790,削除,2026/03/26 17:47,2026/03/26 18:49,名古屋高速道路公社,出口,高速１１号小牧線,下り,7.51,高速１１号小牧線,下り,7.51,0,渋滞長,-1,関連事象番号１,-1,関連事象番号２,-1,関連事象番号３,-1,関連事象番号４,-1,関連事象番号５,-1,関連事象番号６,-1,関連事象番号７,-1,関連事象番号８,-1,関連事象番号９,-1,関連事象番号１０,-1,関連事象番号１１,-1,関連事象番号１２,-1,関連事象番号１３,-1,関連事象番号１４,-1,関連事象番号１５,,,,,,,,
渋滞,791,削除,2026/03/26 17:51,2026/03/26 17:53,名古屋高速道路公社,本線,高速都心環状線,方向なし,7.27,高速都心環状線,方向なし,6.04,123,渋滞長,-1,関連事象番号１,-1,関連事象番号２,-1,関連事象番号３,-1,関連事象番号４,-1,関連事象番号５,-1,関連事象番号６,-1,関連事象番号７,-1,関連事象番号８,-1,関連事象番号９,-1,関連事象番号１０,-1,関連事象番号１１,-1,関連事象番号１２,-1,関連事象番号１３,-1,関連事象番号１４,-1,関連事象番号１５,,,,,,,,
渋滞,792,削除,2026/03/26 17:51,2026/03/26 17:52,名古屋高速道路公社,出口,高速都心環状線,方向なし,7.27,高速都心環状線,方向なし,6.85,42,渋滞長,-1,関連事象番号１,-1,関連事象番号２,-1,関連事象番号３,-1,関連事象番号４,-1,関連事象番号５,-1,関連事象番号６,-1,関連事象番号７,-1,関連事象番号８,-1,関連事象番号９,-1,関連事象番号１０,-1,関連事象番号１１,-1,関連事象番号１２,-1,関連事象番号１３,-1,関連事象番号１４,-1,関連事象番号１５,,,,,,,,
渋滞,793,削除,2026/03/26 17:59,2026/03/26 18:01,名古屋高速道路公社,本線,高速３号大高線,上り,6.1,高速３号大高線,上り,6.6,50,渋滞長,-1,関連事象番号１,-1,関連事象番号２,-1,関連事象番号３,-1,関連事象番号４,-1,関連事象番号５,-1,関連事象番号６,-1,関連事象番号７,-1,関連事象番号８,-1,関連事象番号９,-1,関連事象番号１０,-1,関連事象番号１１,-1,関連事象番号１２,-1,関連事象番号１３,-1,関連事象番号１４,-1,関連事象番号１５,,,,,,,,
渋滞,794,削除,2026/03/26 18:04,2026/03/26 18:05,名古屋高速道路公社,本線,高速４号東海線,上り,0.62,高速４号東海線,上り,2.11,149,渋滞長,-1,関連事象番号１,-1,関連事象番号２,-1,関連事象番号３,-1,関連事象番号４,-1,関連事象番号５,-1,関連事象番号６,-1,関連事象番号７,-1,関連事象番号８,-1,関連事象番号９,-1,関連事象番号１０,-1,関連事象番号１１,-1,関連事象番号１２,-1,関連事象番号１３,-1,関連事象番号１４,-1,関連事象番号１５,,,,,,,,
渋滞,795,削除,2026/03/26 18:05,2026/03/26 18:11,名古屋高速道路公社,本線,高速３号大高線,上り,0,高速３号大高線,上り,0.24,24,渋滞長,-1,関連事象番号１,-1,関連事象番号２,-1,関連事象番号３,-1,関連事象番号４,-1,関連事象番号５,-1,関連事象番号６,-1,関連事象番号７,-1,関連事象番号８,-1,関連事象番号９,-1,関連事象番号１０,-1,関連事象番号１１,-1,関連事象番号１２,-1,関連事象番号１３,-1,関連事象番号１４,-1,関連事象番号１５,,,,,,,,
渋滞,796,削除,2026/03/26 18:11,2026/03/26 18:19,名古屋高速道路公社,本線,高速都心環状線,方向なし,5.19,高速都心環状線,方向なし,3.7,149,渋滞長,-1,関連事象番号１,-1,関連事象番号２,-1,関連事象番号３,-1,関連事象番号４,-1,関連事象番号５,-1,関連事象番号６,-1,関連事象番号７,-1,関連事象番号８,-1,関連事象番号９,-1,関連事象番号１０,-1,関連事象番号１１,-1,関連事象番号１２,-1,関連事象番号１３,-1,関連事象番号１４,-1,関連事象番号１５,,,,,,,,
渋滞,797,削除,2026/03/26 18:11,2026/03/26 18:37,名古屋高速道路公社,出口,高速都心環状線,方向なし,5.76,高速都心環状線,方向なし,5.76,0,渋滞長,-1,関連事象番号１,-1,関連事象番号２,-1,関連事象番号３,-1,関連事象番号４,-1,関連事象番号５,-1,関連事象番号６,-1,関連事象番号７,-1,関連事象番号８,-1,関連事象番号９,-1,関連事象番号１０,-1,関連事象番号１１,-1,関連事象番号１２,-1,関連事象番号１３,-1,関連事象番号１４,-1,関連事象番号１５,,,,,,,,
渋滞,798,削除,2026/03/26 22:11,2026/03/26 22:12,名古屋高速道路公社,本線,高速５号万場線,上り,3.45,高速５号万場線,上り,3.97,52,渋滞長,1457,関連事象番号１,-1,関連事象番号２,-1,関連事象番号３,-1,関連事象番号４,-1,関連事象番号５,-1,関連事象番号６,-1,関連事象番号７,-1,関連事象番号８,-1,関連事象番号９,-1,関連事象番号１０,-1,関連事象番号１１,-1,関連事象番号１２,-1,関連事象番号１３,-1,関連事象番号１４,-1,関連事象番号１５,,,,,,,,
速度規制,1264,削除,2026/03/26 07:10,2026/03/26 13:05,名古屋高速道路公社,本線,高速１１号小牧線,下り,7.7,高速１１号小牧線,下り,2.7,６０キロ規制,規制内容,-1,行動勧告,-1,規制解除予告時刻,-1,関連事象番号１,-1,関連事象番号２,-1,関連事象番号３,-1,関連事象番号４,-1,関連事象番号５,-1,関連事象番号６,-1,関連事象番号７,-1,関連事象番号８,-1,関連事象番号９,-1,関連事象番号１０,-1,関連事象番号１１,-1,関連事象番号１２,-1,関連事象番号１３,-1,関連事象番号１４,-1,関連事象番号１５,,,,
速度規制,1265,削除,2026/03/26 07:30,2026/03/26 09:30,名古屋高速道路公社,本線,高速１６号一宮線,上り,0.71,高速１６号一宮線,上り,9.07,６０キロ規制,規制内容,-1,行動勧告,-1,規制解除予告時刻,-1,関連事象番号１,-1,関連事象番号２,-1,関連事象番号３,-1,関連事象番号４,-1,関連事象番号５,-1,関連事象番号６,-1,関連事象番号７,-1,関連事象番号８,-1,関連事象番号９,-1,関連事象番号１０,-1,関連事象番号１１,-1,関連事象番号１２,-1,関連事象番号１３,-1,関連事象番号１４,-1,関連事象番号１５,,,,
速度規制,1266,削除,2026/03/26 08:15,2026/03/26 13:05,名古屋高速道路公社,本線,高速１６号一宮線,下り,8.14,高速１６号一宮線,下り,0.23,６０キロ規制,規制内容,-1,行動勧告,-1,規制解除予告時刻,-1,関連事象番号１,-1,関連事象番号２,-1,関連事象番号３,-1,関連事象番号４,-1,関連事象番号５,-1,関連事象番号６,-1,関連事象番号７,-1,関連事象番号８,-1,関連事象番号９,-1,関連事象番号１０,-1,関連事象番号１１,-1,関連事象番号１２,-1,関連事象番号１３,-1,関連事象番号１４,-1,関連事象番号１５,,,,
速度規制,1267,削除,2026/03/26 09:30,2026/03/26 09:30,名古屋高速道路公社,本線,高速１６号一宮線,上り,0.71,高速１６号一宮線,上り,9.07,６０キロ規制,規制内容,-1,行動勧告,-1,規制解除予告時刻,-1,関連事象番号１,-1,関連事象番号２,-1,関連事象番号３,-1,関連事象番号４,-1,関連事象番号５,-1,関連事象番号６,-1,関連事象番号７,-1,関連事象番号８,-1,関連事象番号９,-1,関連事象番号１０,-1,関連事象番号１１,-1,関連事象番号１２,-1,関連事象番号１３,-1,関連事象番号１４,-1,関連事象番号１５,,,,
速度規制,1268,削除,2026/03/26 13:05,2026/03/26 13:05,名古屋高速道路公社,本線,高速１１号小牧線,下り,7.7,高速１１号小牧線,下り,2.7,６０キロ規制,規制内容,-1,行動勧告,-1,規制解除予告時刻,-1,関連事象番号１,-1,関連事象番号２,-1,関連事象番号３,-1,関連事象番号４,-1,関連事象番号５,-1,関連事象番号６,-1,関連事象番号７,-1,関連事象番号８,-1,関連事象番号９,-1,関連事象番号１０,-1,関連事象番号１１,-1,関連事象番号１２,-1,関連事象番号１３,-1,関連事象番号１４,-1,関連事象番号１５,,,,
速度規制,1269,削除,2026/03/26 13:05,2026/03/26 13:45,名古屋高速道路公社,本線,高速１６号一宮線,下り,8.14,高速１６号一宮線,下り,0.23,６０キロ規制,規制内容,-1,行動勧告,-1,規制解除予告時刻,-1,関連事象番号１,-1,関連事象番号２,-1,関連事象番号３,-1,関連事象番号４,-1,関連事象番号５,-1,関連事象番号６,-1,関連事象番号７,-1,関連事象番号８,-1,関連事象番号９,-1,関連事象番号１０,-1,関連事象番号１１,-1,関連事象番号１２,-1,関連事象番号１３,-1,関連事象番号１４,-1,関連事象番号１５,,,,
速度規制,1270,削除,2026/03/26 17:02,2026/03/26 17:35,名古屋高速道路公社,本線,高速１１号小牧線,上り,0.95,高速１１号小牧線,上り,8.15,６０キロ規制,規制内容,-1,行動勧告,-1,規制解除予告時刻,-1,関連事象番号１,-1,関連事象番号２,-1,関連事象番号３,-1,関連事象番号４,-1,関連事象番号５,-1,関連事象番号６,-1,関連事象番号７,-1,関連事象番号８,-1,関連事象番号９,-1,関連事象番号１０,-1,関連事象番号１１,-1,関連事象番号１２,-1,関連事象番号１３,-1,関連事象番号１４,-1,関連事象番号１５,,,,
速度規制,1271,削除,2026/03/26 17:02,2026/03/26 17:02,名古屋高速道路公社,本線,高速１号楠線,上り,0,高速１１号小牧線,上り,0.95,５０キロ規制,規制内容,-1,行動勧告,-1,規制解除予告時刻,-1,関連事象番号１,-1,関連事象番号２,-1,関連事象番号３,-1,関連事象番号４,-1,関連事象番号５,-1,関連事象番号６,-1,関連事象番号７,-1,関連事象番号８,-1,関連事象番号９,-1,関連事象番号１０,-1,関連事象番号１１,-1,関連事象番号１２,-1,関連事象番号１３,-1,関連事象番号１４,-1,関連事象番号１５,,,,
速度規制,1272,削除,2026/03/26 17:07,2026/03/26 17:45,名古屋高速道路公社,本線,高速１１号小牧線,下り,7.7,高速１１号小牧線,下り,2.7,６０キロ規制,規制内容,-1,行動勧告,-1,規制解除予告時刻,-1,関連事象番号１,-1,関連事象番号２,-1,関連事象番号３,-1,関連事象番号４,-1,関連事象番号５,-1,関連事象番号６,-1,関連事象番号７,-1,関連事象番号８,-1,関連事象番号９,-1,関連事象番号１０,-1,関連事象番号１１,-1,関連事象番号１２,-1,関連事象番号１３,-1,関連事象番号１４,-1,関連事象番号１５,,,,
速度規制,1273,削除,2026/03/26 17:13,2026/03/26 17:40,名古屋高速道路公社,本線,高速１６号一宮線,下り,8.14,高速１６号一宮線,下り,0.23,６０キロ規制,規制内容,-1,行動勧告,-1,規制解除予告時刻,-1,関連事象番号１,-1,関連事象番号２,-1,関連事象番号３,-1,関連事象番号４,-1,関連事象番号５,-1,関連事象番号６,-1,関連事象番号７,-1,関連事象番号８,-1,関連事象番号９,-1,関連事象番号１０,-1,関連事象番号１１,-1,関連事象番号１２,-1,関連事象番号１３,-1,関連事象番号１４,-1,関連事象番号１５,,,,
速度規制,1274,削除,2026/03/26 18:00,2026/03/26 19:15,名古屋高速道路公社,本線,高速１１号小牧線,下り,7.7,高速１１号小牧線,下り,2.7,６０キロ規制,規制内容,-1,行動勧告,-1,規制解除予告時刻,-1,関連事象番号１,-1,関連事象番号２,-1,関連事象番号３,-1,関連事象番号４,-1,関連事象番号５,-1,関連事象番号６,-1,関連事象番号７,-1,関連事象番号８,-1,関連事象番号９,-1,関連事象番号１０,-1,関連事象番号１１,-1,関連事象番号１２,-1,関連事象番号１３,-1,関連事象番号１４,-1,関連事象番号１５,,,,
速度規制,1275,削除,2026/03/26 22:30,2026/03/26 23:00,名古屋高速道路公社,本線,高速１１号小牧線,下り,7.7,高速１１号小牧線,下り,2.7,６０キロ規制,規制内容,-1,行動勧告,-1,規制解除予告時刻,-1,関連事象番号１,-1,関連事象番号２,-1,関連事象番号３,-1,関連事象番号４,-1,関連事象番号５,-1,関連事象番号６,-1,関連事象番号７,-1,関連事象番号８,-1,関連事象番号９,-1,関連事象番号１０,-1,関連事象番号１１,-1,関連事象番号１２,-1,関連事象番号１３,-1,関連事象番号１４,-1,関連事象番号１５,,,,
速度規制,1276,削除,2026/03/26 22:30,2026/03/26 23:00,名古屋高速道路公社,本線,高速１６号一宮線,下り,8.14,高速１６号一宮線,下り,0.23,６０キロ規制,規制内容,-1,行動勧告,-1,規制解除予告時刻,-1,関連事象番号１,-1,関連事象番号２,-1,関連事象番号３,-1,関連事象番号４,-1,関連事象番号５,-1,関連事象番号６,-1,関連事象番号７,-1,関連事象番号８,-1,関連事象番号９,-1,関連事象番号１０,-1,関連事象番号１１,-1,関連事象番号１２,-1,関連事象番号１３,-1,関連事象番号１４,-1,関連事象番号１５,,,,
速度規制,1277,削除,2026/03/26 23:00,2026/03/26 23:35,名古屋高速道路公社,本線,高速１１号小牧線,上り,0.95,高速１１号小牧線,上り,8.15,６０キロ規制,規制内容,-1,行動勧告,-1,規制解除予告時刻,-1,関連事象番号１,-1,関連事象番号２,-1,関連事象番号３,-1,関連事象番号４,-1,関連事象番号５,-1,関連事象番号６,-1,関連事象番号７,-1,関連事象番号８,-1,関連事象番号９,-1,関連事象番号１０,-1,関連事象番号１１,-1,関連事象番号１２,-1,関連事象番号１３,-1,関連事象番号１４,-1,関連事象番号１５,,,,
速度規制,1278,削除,2026/03/26 23:00,2026/03/26 23:26,名古屋高速道路公社,本線,高速１６号一宮線,上り,0.71,高速１６号一宮線,上り,9.07,６０キロ規制,規制内容,-1,行動勧告,-1,規制解除予告時刻,-1,関連事象番号１,-1,関連事象番号２,-1,関連事象番号３,-1,関連事象番号４,-1,関連事象番号５,-1,関連事象番号６,-1,関連事象番号７,-1,関連事象番号８,-1,関連事象番号９,-1,関連事象番号１０,-1,関連事象番号１１,-1,関連事象番号１２,-1,関連事象番号１３,-1,関連事象番号１４,-1,関連事象番号１５,,,,
車線規制,1331,削除,2026/03/26 09:21,2026/03/26 09:32,名古屋高速道路公社,本線,高速６号清須線,下り,0.9,高速６号清須線,下り,0.9,-1,行動勧告,-1,規制解除予告時刻,2414,関連事象番号１,-1,関連事象番号２,-1,関連事象番号３,-1,関連事象番号４,-1,関連事象番号５,-1,関連事象番号６,-1,関連事象番号７,-1,関連事象番号８,-1,関連事象番号９,-1,関連事象番号１０,-1,関連事象番号１１,-1,関連事象番号１２,-1,関連事象番号１３,-1,関連事象番号１４,-1,関連事象番号１５,-1,規制開始予定時刻,-1,作業予定,-1,
車線規制,1332,削除,2026/03/26 10:07,2026/03/26 12:42,名古屋高速道路公社,本線,高速５号万場線,上り,0.25,高速５号万場線,上り,0.5,-1,行動勧告,2026年03月26日11時50分,規制解除予告時刻,2532,関連事象番号１,-1,関連事象番号２,-1,関連事象番号３,-1,関連事象番号４,-1,関連事象番号５,-1,関連事象番号６,-1,関連事象番号７,-1,関連事象番号８,-1,関連事象番号９,-1,関連事象番号１０,-1,関連事象番号１１,-1,関連事象番号１２,-1,関連事象番号１３,-1,関連事象番号１４,-1,関連事象番号１５,8,規制開始予定時刻,2026年03月26日10時00分,作業予定,2026年03月26日,
車線規制,1333,削除,2026/03/26 10:10,2026/03/26 12:38,名古屋高速道路公社,本線,高速２号東山線,下り,0.35,高速５号万場線,上り,0.65,-1,行動勧告,2026年03月26日11時50分,規制解除予告時刻,2533,関連事象番号１,-1,関連事象番号２,-1,関連事象番号３,-1,関連事象番号４,-1,関連事象番号５,-1,関連事象番号６,-1,関連事象番号７,-1,関連事象番号８,-1,関連事象番号９,-1,関連事象番号１０,-1,関連事象番号１１,-1,関連事象番号１２,-1,関連事象番号１３,-1,関連事象番号１４,-1,関連事象番号１５,13,規制開始予定時刻,2026年03月26日10時00分,作業予定,2026年03月26日,
車線規制,1334,削除,2026/03/26 10:28,2026/03/26 10:38,名古屋高速道路公社,本線,高速都心環状線,方向なし,7.1,高速都心環状線,方向なし,7.1,-1,行動勧告,-1,規制解除予告時刻,2169,関連事象番号１,-1,関連事象番号２,-1,関連事象番号３,-1,関連事象番号４,-1,関連事象番号５,-1,関連事象番号６,-1,関連事象番号７,-1,関連事象番号８,-1,関連事象番号９,-1,関連事象番号１０,-1,関連事象番号１１,-1,関連事象番号１２,-1,関連事象番号１３,-1,関連事象番号１４,-1,関連事象番号１５,-1,規制開始予定時刻,-1,作業予定,-1,
車線規制,1335,削除,2026/03/26 11:46,2026/03/26 12:27,名古屋高速道路公社,本線,高速１６号一宮線,下り,1.2,高速１６号一宮線,下り,1.2,-1,行動勧告,-1,規制解除予告時刻,2170,関連事象番号１,-1,関連事象番号２,-1,関連事象番号３,-1,関連事象番号４,-1,関連事象番号５,-1,関連事象番号６,-1,関連事象番号７,-1,関連事象番号８,-1,関連事象番号９,-1,関連事象番号１０,-1,関連事象番号１１,-1,関連事象番号１２,-1,関連事象番号１３,-1,関連事象番号１４,-1,関連事象番号１５,-1,規制開始予定時刻,-1,作業予定,-1,
車線規制,1336,削除,2026/03/26 11:57,2026/03/26 13:12,名古屋高速道路公社,本線,高速１６号一宮線,下り,0.8,高速１６号一宮線,下り,0.8,-1,行動勧告,-1,規制解除予告時刻,2171,関連事象番号１,-1,関連事象番号２,-1,関連事象番号３,-1,関連事象番号４,-1,関連事象番号５,-1,関連事象番号６,-1,関連事象番号７,-1,関連事象番号８,-1,関連事象番号９,-1,関連事象番号１０,-1,関連事象番号１１,-1,関連事象番号１２,-1,関連事象番号１３,-1,関連事象番号１４,-1,関連事象番号１５,-1,規制開始予定時刻,-1,作業予定,-1,
車線規制,1337,削除,2026/03/26 13:12,2026/03/26 15:55,名古屋高速道路公社,本線,高速２号東山線,上り,0.05,高速２号東山線,上り,1,-1,行動勧告,2026年03月26日16時00分,規制解除予告時刻,2535,関連事象番号１,-1,関連事象番号２,-1,関連事象番号３,-1,関連事象番号４,-1,関連事象番号５,-1,関連事象番号６,-1,関連事象番号７,-1,関連事象番号８,-1,関連事象番号９,-1,関連事象番号１０,-1,関連事象番号１１,-1,関連事象番号１２,-1,関連事象番号１３,-1,関連事象番号１４,-1,関連事象番号１５,10,規制開始予定時刻,2026年03月26日11時50分,作業予定,2026年03月26日,
車線規制,1338,削除,2026/03/26 13:12,2026/03/26 15:55,名古屋高速道路公社,本線,高速５号万場線,下り,0.55,高速都心環状線,方向なし,4.8,-1,行動勧告,2026年03月26日16時00分,規制解除予告時刻,2536,関連事象番号１,-1,関連事象番号２,-1,関連事象番号３,-1,関連事象番号４,-1,関連事象番号５,-1,関連事象番号６,-1,関連事象番号７,-1,関連事象番号８,-1,関連事象番号９,-1,関連事象番号１０,-1,関連事象番号１１,-1,関連事象番号１２,-1,関連事象番号１３,-1,関連事象番号１４,-1,関連事象番号１５,11,規制開始予定時刻,2026年03月26日11時50分,作業予定,2026年03月26日,
車線規制,1339,削除,2026/03/26 14:30,2026/03/26 15:24,名古屋高速道路公社,本線,高速５号万場線,下り,6.2,高速５号万場線,下り,5.8,-1,行動勧告,2026年03月26日16時00分,規制解除予告時刻,2538,関連事象番号１,-1,関連事象番号２,-1,関連事象番号３,-1,関連事象番号４,-1,関連事象番号５,-1,関連事象番号６,-1,関連事象番号７,-1,関連事象番号８,-1,関連事象番号９,-1,関連事象番号１０,-1,関連事象番号１１,-1,関連事象番号１２,-1,関連事象番号１３,-1,関連事象番号１４,-1,関連事象番号１５,36,規制開始予定時刻,2026年03月26日14時30分,作業予定,2026年03月26日,
車線規制,1340,削除,2026/03/26 16:04,2026/03/26 16:07,名古屋高速道路公社,本線,高速５号万場線,下り,5,高速５号万場線,下り,5,-1,行動勧告,-1,規制解除予告時刻,2417,関連事象番号１,-1,関連事象番号２,-1,関連事象番号３,-1,関連事象番号４,-1,関連事象番号５,-1,関連事象番号６,-1,関連事象番号７,-1,関連事象番号８,-1,関連事象番号９,-1,関連事象番号１０,-1,関連事象番号１１,-1,関連事象番号１２,-1,関連事象番号１３,-1,関連事象番号１４,-1,関連事象番号１５,-1,規制開始予定時刻,-1,作業予定,-1,
車線規制,1341,削除,2026/03/26 16:56,2026/03/26 17:16,名古屋高速道路公社,本線,高速３号大高線,上り,0.5,高速３号大高線,上り,0.5,-1,行動勧告,-1,規制解除予告時刻,2309,関連事象番号１,-1,関連事象番号２,-1,関連事象番号３,-1,関連事象番号４,-1,関連事象番号５,-1,関連事象番号６,-1,関連事象番号７,-1,関連事象番号８,-1,関連事象番号９,-1,関連事象番号１０,-1,関連事象番号１１,-1,関連事象番号１２,-1,関連事象番号１３,-1,関連事象番号１４,-1,関連事象番号１５,-1,規制開始予定時刻,-1,作業予定,-1,
車線規制,1342,削除,2026/03/26 17:04,2026/03/26 17:27,名古屋高速道路公社,本線,高速１１号小牧線,上り,5,高速１１号小牧線,上り,5,-1,行動勧告,-1,規制解除予告時刻,2418,関連事象番号１,-1,関連事象番号２,-1,関連事象番号３,-1,関連事象番号４,-1,関連事象番号５,-1,関連事象番号６,-1,関連事象番号７,-1,関連事象番号８,-1,関連事象番号９,-1,関連事象番号１０,-1,関連事象番号１１,-1,関連事象番号１２,-1,関連事象番号１３,-1,関連事象番号１４,-1,関連事象番号１５,-1,規制開始予定時刻,-1,作業予定,-1,
車線規制,1343,削除,2026/03/26 20:01,2026/03/26 20:47,名古屋高速道路公社,本線,高速都心環状線,方向なし,3.2,高速都心環状線,方向なし,2.65,-1,行動勧告,2026年03月26日21時00分,規制解除予告時刻,2539,関連事象番号１,-1,関連事象番号２,-1,関連事象番号３,-1,関連事象番号４,-1,関連事象番号５,-1,関連事象番号６,-1,関連事象番号７,-1,関連事象番号８,-1,関連事象番号９,-1,関連事象番号１０,-1,関連事象番号１１,-1,関連事象番号１２,-1,関連事象番号１３,-1,関連事象番号１４,-1,関連事象番号１５,33,規制開始予定時刻,2026年03月26日20時00分,作業予定,2026年03月26日,
車線規制,1344,削除,2026/03/26 20:12,2026/03/26 23:55,名古屋高速道路公社,本線,高速３号大高線,下り,1,高速３号大高線,下り,0.6,-1,行動勧告,2026年03月27日06時00分,規制解除予告時刻,2540,関連事象番号１,-1,関連事象番号２,-1,関連事象番号３,-1,関連事象番号４,-1,関連事象番号５,-1,関連事象番号６,-1,関連事象番号７,-1,関連事象番号８,-1,関連事象番号９,-1,関連事象番号１０,-1,関連事象番号１１,-1,関連事象番号１２,-1,関連事象番号１３,-1,関連事象番号１４,-1,関連事象番号１５,14,規制開始予定時刻,2026年03月26日20時00分,作業予定,2026年03月26日,
車線規制,1345,削除,2026/03/26 21:53,2026/03/26 22:38,名古屋高速道路公社,本線,高速３号大高線,下り,7.6,高速３号大高線,下り,7.6,-1,行動勧告,-1,規制解除予告時刻,2313,関連事象番号１,-1,関連事象番号２,-1,関連事象番号３,-1,関連事象番号４,-1,関連事象番号５,-1,関連事象番号６,-1,関連事象番号７,-1,関連事象番号８,-1,関連事象番号９,-1,関連事象番号１０,-1,関連事象番号１１,-1,関連事象番号１２,-1,関連事象番号１３,-1,関連事象番号１４,-1,関連事象番号１５,-1,規制開始予定時刻,-1,作業予定,-1,
車線規制,1346,削除,2026/03/26 22:14,2026/03/27 02:01,名古屋高速道路公社,本線,高速５号万場線,下り,2.2,高速５号万場線,下り,1,-1,行動勧告,2026年03月27日06時00分,規制解除予告時刻,2541,関連事象番号１,-1,関連事象番号２,-1,関連事象番号３,-1,関連事象番号４,-1,関連事象番号５,-1,関連事象番号６,-1,関連事象番号７,-1,関連事象番号８,-1,関連事象番号９,-1,関連事象番号１０,-1,関連事象番号１１,-1,関連事象番号１２,-1,関連事象番号１３,-1,関連事象番号１４,-1,関連事象番号１５,1,規制開始予定時刻,2026年03月26日22時00分,作業予定,2026年03月26日,
移動規制,1455,削除,2026/03/26 07:26,2026/03/26 07:31,名古屋高速道路公社,本線,高速１号楠線,下り,1.7,高速１号楠線,下り,0,-1,行動勧告,-1,規制解除予告時刻,-1,関連事象番号１,-1,関連事象番号２,-1,関連事象番号３,-1,関連事象番号４,-1,関連事象番号５,-1,関連事象番号６,-1,関連事象番号７,-1,関連事象番号８,-1,関連事象番号９,-1,関連事象番号１０,-1,関連事象番号１１,-1,関連事象番号１２,-1,関連事象番号１３,-1,関連事象番号１４,-1,関連事象番号１５,,,,,,
移動規制,1456,削除,2026/03/26 21:29,2026/03/26 23:00,名古屋高速道路公社,本線,高速１１号小牧線,下り,7.5,高速１１号小牧線,下り,0,-1,行動勧告,-1,規制解除予告時刻,-1,関連事象番号１,-1,関連事象番号２,-1,関連事象番号３,-1,関連事象番号４,-1,関連事象番号５,-1,関連事象番号６,-1,関連事象番号７,-1,関連事象番号８,-1,関連事象番号９,-1,関連事象番号１０,-1,関連事象番号１１,-1,関連事象番号１２,-1,関連事象番号１３,-1,関連事象番号１４,-1,関連事象番号１５,,,,,,
移動規制,1457,削除,2026/03/26 22:01,2026/03/26 23:00,名古屋高速道路公社,本線,高速１６号一宮線,下り,7.9,高速１６号一宮線,下り,0,-1,行動勧告,-1,規制解除予告時刻,-1,関連事象番号１,-1,関連事象番号２,-1,関連事象番号３,-1,関連事象番号４,-1,関連事象番号５,-1,関連事象番号６,-1,関連事象番号７,-1,関連事象番号８,-1,関連事象番号９,-1,関連事象番号１０,-1,関連事象番号１１,-1,関連事象番号１２,-1,関連事象番号１３,-1,関連事象番号１４,-1,関連事象番号１５,,,,,,
移動規制,1458,削除,2026/03/26 23:00,2026/03/27 02:17,名古屋高速道路公社,本線,高速５号万場線,上り,6.5,高速５号万場線,上り,6.8,-1,行動勧告,-1,規制解除予告時刻,-1,関連事象番号１,-1,関連事象番号２,-1,関連事象番号３,-1,関連事象番号４,-1,関連事象番号５,-1,関連事象番号６,-1,関連事象番号７,-1,関連事象番号８,-1,関連事象番号９,-1,関連事象番号１０,-1,関連事象番号１１,-1,関連事象番号１２,-1,関連事象番号１３,-1,関連事象番号１４,-1,関連事象番号１５,,,,,,
移動規制,1459,削除,2026/03/26 23:00,2026/03/27 02:18,名古屋高速道路公社,本線,高速４号東海線,上り,0,高速４号東海線,上り,11.5,-1,行動勧告,-1,規制解除予告時刻,-1,関連事象番号１,-1,関連事象番号２,-1,関連事象番号３,-1,関連事象番号４,-1,関連事象番号５,-1,関連事象番号６,-1,関連事象番号７,-1,関連事象番号８,-1,関連事象番号９,-1,関連事象番号１０,-1,関連事象番号１１,-1,関連事象番号１２,-1,関連事象番号１３,-1,関連事象番号１４,-1,関連事象番号１５,,,,,,
事故,2168,削除,2026/03/26 07:54,2026/03/26 08:53,名古屋高速道路公社,本線,高速３号大高線,上り,0.4,高速３号大高線,上り,0.4,その他,事故形態,-1,事故対象物,-1,事故対象車種,-1,事故対象車両数,-1,人身被害状況,-1,人身被害人数,-1,処理状況,,,,,,,,,,,,,,,,,,,,,,,,,,
事故,2169,削除,2026/03/26 10:27,2026/03/26 11:23,名古屋高速道路公社,入口,高速都心環状線,方向なし,7.56,高速都心環状線,方向なし,7.56,その他,事故形態,-1,事故対象物,-1,事故対象車種,-1,事故対象車両数,-1,人身被害状況,-1,人身被害人数,-1,処理状況,,,,,,,,,,,,,,,,,,,,,,,,,,
事故,2170,削除,2026/03/26 11:32,2026/03/26 12:27,名古屋高速道路公社,本線,高速１６号一宮線,下り,1.2,高速１６号一宮線,下り,1.2,その他,事故形態,-1,事故対象物,-1,事故対象車種,-1,事故対象車両数,-1,人身被害状況,-1,人身被害人数,-1,処理状況,,,,,,,,,,,,,,,,,,,,,,,,,,
事故,2171,削除,2026/03/26 11:57,2026/03/26 13:13,名古屋高速道路公社,本線,高速１６号一宮線,下り,0.8,高速１６号一宮線,下り,0.8,その他,事故形態,-1,事故対象物,-1,事故対象車種,-1,事故対象車両数,-1,人身被害状況,-1,人身被害人数,-1,処理状況,,,,,,,,,,,,,,,,,,,,,,,,,,
事故,2172,削除,2026/03/26 15:50,2026/03/26 16:31,名古屋高速道路公社,入口,高速２号東山線,上り,6.8,高速２号東山線,上り,6.8,その他,事故形態,-1,事故対象物,-1,事故対象車種,-1,事故対象車両数,-1,人身被害状況,-1,人身被害人数,-1,処理状況,,,,,,,,,,,,,,,,,,,,,,,,,,
故障車,2306,削除,2026/03/26 08:37,2026/03/26 09:37,名古屋高速道路公社,料金所,高速２号東山線,上り,10.14,高速２号東山線,上り,10.14,その他,車種,-1,車両数,-1,処理状況,,,,,,,,,,,,,,,,,,,,,,,,,,,,,,,,,,
故障車,2307,削除,2026/03/26 13:04,2026/03/26 13:57,名古屋高速道路公社,本線,高速１６号一宮線,下り,1.2,高速１６号一宮線,下り,1.2,その他,車種,-1,車両数,-1,処理状況,,,,,,,,,,,,,,,,,,,,,,,,,,,,,,,,,,
故障車,2308,削除,2026/03/26 16:08,2026/03/26 17:13,名古屋高速道路公社,出口,高速２号東山線,下り,6.42,高速２号東山線,下り,6.42,その他,車種,-1,車両数,-1,処理状況,,,,,,,,,,,,,,,,,,,,,,,,,,,,,,,,,,
故障車,2309,削除,2026/03/26 16:56,2026/03/26 17:19,名古屋高速道路公社,本線,高速３号大高線,上り,0.5,高速３号大高線,上り,0.5,その他,車種,-1,車両数,-1,処理状況,,,,,,,,,,,,,,,,,,,,,,,,,,,,,,,,,,
故障車,2310,削除,2026/03/26 17:11,2026/03/26 18:24,名古屋高速道路公社,本線,高速１号楠線,上り,4,高速１号楠線,上り,4,その他,車種,-1,車両数,-1,処理状況,,,,,,,,,,,,,,,,,,,,,,,,,,,,,,,,,,
故障車,2311,削除,2026/03/26 19:15,2026/03/26 19:16,名古屋高速道路公社,本線,高速２号東山線,下り,6.4,高速２号東山線,下り,6.4,その他,車種,-1,車両数,-1,処理状況,,,,,,,,,,,,,,,,,,,,,,,,,,,,,,,,,,
故障車,2312,削除,2026/03/26 21:34,2026/03/26 22:36,名古屋高速道路公社,本線,高速１１号小牧線,上り,3,高速１１号小牧線,上り,3,その他,車種,-1,車両数,-1,処理状況,,,,,,,,,,,,,,,,,,,,,,,,,,,,,,,,,,
故障車,2313,削除,2026/03/26 21:50,2026/03/27 00:02,名古屋高速道路公社,本線,高速３号大高線,下り,8.4,高速３号大高線,下り,8.4,その他,車種,-1,車両数,-1,処理状況,,,,,,,,,,,,,,,,,,,,,,,,,,,,,,,,,,
落下物,2414,削除,2026/03/26 09:03,2026/03/26 09:32,名古屋高速道路公社,本線,高速６号清須線,下り,0.9,高速６号清須線,下り,0.9,その他,落下対象物,その他,落下状態,-1,処理状況,,,,,,,,,,,,,,,,,,,,,,,,,,,,,,,,,,
落下物,2415,削除,2026/03/26 09:41,2026/03/26 09:50,名古屋高速道路公社,本線,高速４号東海線,下り,10.9,高速４号東海線,下り,10.9,その他,落下対象物,その他,落下状態,-1,処理状況,,,,,,,,,,,,,,,,,,,,,,,,,,,,,,,,,,
落下物,2416,削除,2026/03/26 14:31,2026/03/26 15:27,名古屋高速道路公社,本線,高速２号東山線,下り,9,高速２号東山線,下り,9,その他,落下対象物,その他,落下状態,-1,処理状況,,,,,,,,,,,,,,,,,,,,,,,,,,,,,,,,,,
落下物,2417,削除,2026/03/26 15:53,2026/03/26 16:07,名古屋高速道路公社,本線,高速５号万場線,下り,5,高速５号万場線,下り,5,その他,落下対象物,その他,落下状態,-1,処理状況,,,,,,,,,,,,,,,,,,,,,,,,,,,,,,,,,,
落下物,2418,削除,2026/03/26 17:01,2026/03/26 17:35,名古屋高速道路公社,本線,高速１１号小牧線,上り,5,高速１１号小牧線,上り,5,その他,落下対象物,その他,落下状態,-1,処理状況,,,,,,,,,,,,,,,,,,,,,,,,,,,,,,,,,,
落下物,2419,削除,2026/03/26 17:04,2026/03/26 17:42,名古屋高速道路公社,本線,高速１１号小牧線,下り,3.9,高速１１号小牧線,下り,3.9,その他,落下対象物,その他,落下状態,-1,処理状況,,,,,,,,,,,,,,,,,,,,,,,,,,,,,,,,,,
落下物,2420,削除,2026/03/26 17:10,2026/03/26 17:35,名古屋高速道路公社,入口,高速１１号小牧線,下り,3.46,高速１１号小牧線,下り,3.46,その他,落下対象物,その他,落下状態,-1,処理状況,,,,,,,,,,,,,,,,,,,,,,,,,,,,,,,,,,
落下物,2421,削除,2026/03/26 17:12,2026/03/26 17:40,名古屋高速道路公社,本線,高速１６号一宮線,下り,4.9,高速１６号一宮線,下り,4.9,その他,落下対象物,その他,落下状態,-1,処理状況,,,,,,,,,,,,,,,,,,,,,,,,,,,,,,,,,,
落下物,2422,削除,2026/03/26 17:28,2026/03/26 17:31,名古屋高速道路公社,出口,高速２号東山線,下り,0.8,高速２号東山線,下り,0.8,その他,落下対象物,その他,落下状態,-1,処理状況,,,,,,,,,,,,,,,,,,,,,,,,,,,,,,,,,,
落下物,2423,削除,2026/03/26 17:29,2026/03/26 17:30,名古屋高速道路公社,本線,高速１１号小牧線,上り,2.1,高速１１号小牧線,上り,2.1,その他,落下対象物,その他,落下状態,-1,処理状況,,,,,,,,,,,,,,,,,,,,,,,,,,,,,,,,,,
落下物,2424,削除,2026/03/26 17:43,2026/03/26 17:45,名古屋高速道路公社,本線,高速１１号小牧線,下り,3.9,高速１１号小牧線,下り,3.9,その他,落下対象物,その他,落下状態,-1,処理状況,,,,,,,,,,,,,,,,,,,,,,,,,,,,,,,,,,
落下物,2425,削除,2026/03/26 18:09,2026/03/26 20:08,名古屋高速道路公社,入口,高速４号東海線,上り,11.59,高速４号東海線,上り,11.59,その他,落下対象物,その他,落下状態,-1,処理状況,,,,,,,,,,,,,,,,,,,,,,,,,,,,,,,,,,
工事,2529,削除,2026/03/26 01:02,2026/03/26 02:23,名古屋高速道路公社,本線,黒川ランプ線１,入口,0.18,黒川ランプ線１,入口,0.18,その他,工事内容,-1,関連事象番号１,-1,関連事象番号２,-1,関連事象番号３,-1,関連事象番号４,-1,関連事象番号５,-1,関連事象番号６,-1,関連事象番号７,-1,関連事象番号８,-1,関連事象番号９,-1,関連事象番号１０,-1,関連事象番号１１,-1,関連事象番号１２,-1,関連事象番号１３,-1,関連事象番号１４,-1,関連事象番号１５,27,作業番号,-1,便乗番号,2026年03月26日02時00分,工事開始予定時刻,2026年03月25日,作業予定
工事,2530,削除,2026/03/26 09:11,2026/03/26 11:58,名古屋高速道路公社,出口,高速２号東山線,下り,0.8,高速２号東山線,下り,0.6,その他,工事内容,-1,関連事象番号１,-1,関連事象番号２,-1,関連事象番号３,-1,関連事象番号４,-1,関連事象番号５,-1,関連事象番号６,-1,関連事象番号７,-1,関連事象番号８,-1,関連事象番号９,-1,関連事象番号１０,-1,関連事象番号１１,-1,関連事象番号１２,-1,関連事象番号１３,-1,関連事象番号１４,-1,関連事象番号１５,29,作業番号,-1,便乗番号,2026年03月26日09時00分,工事開始予定時刻,2026年03月26日,作業予定
工事,2531,削除,2026/03/26 09:12,2026/03/26 10:34,名古屋高速道路公社,入口,高速１６号一宮線,上り,6.21,高速１６号一宮線,上り,6.21,その他,工事内容,-1,関連事象番号１,-1,関連事象番号２,-1,関連事象番号３,-1,関連事象番号４,-1,関連事象番号５,-1,関連事象番号６,-1,関連事象番号７,-1,関連事象番号８,-1,関連事象番号９,-1,関連事象番号１０,-1,関連事象番号１１,-1,関連事象番号１２,-1,関連事象番号１３,-1,関連事象番号１４,-1,関連事象番号１５,2,作業番号,-1,便乗番号,2026年03月26日09時00分,工事開始予定時刻,2026年03月26日,作業予定
工事,2532,削除,2026/03/26 10:07,2026/03/26 13:11,名古屋高速道路公社,本線,高速５号万場線,上り,1.2,高速５号万場線,上り,1.2,その他,工事内容,-1,関連事象番号１,-1,関連事象番号２,-1,関連事象番号３,-1,関連事象番号４,-1,関連事象番号５,-1,関連事象番号６,-1,関連事象番号７,-1,関連事象番号８,-1,関連事象番号９,-1,関連事象番号１０,-1,関連事象番号１１,-1,関連事象番号１２,-1,関連事象番号１３,-1,関連事象番号１４,-1,関連事象番号１５,8,作業番号,-1,便乗番号,2026年03月26日10時00分,工事開始予定時刻,2026年03月26日,作業予定
工事,2533,削除,2026/03/26 10:10,2026/03/26 12:38,名古屋高速道路公社,本線,高速２号東山線,下り,0.35,高速５号万場線,上り,0.65,その他,工事内容,-1,関連事象番号１,-1,関連事象番号２,-1,関連事象番号３,-1,関連事象番号４,-1,関連事象番号５,-1,関連事象番号６,-1,関連事象番号７,-1,関連事象番号８,-1,関連事象番号９,-1,関連事象番号１０,-1,関連事象番号１１,-1,関連事象番号１２,-1,関連事象番号１３,-1,関連事象番号１４,-1,関連事象番号１５,13,作業番号,-1,便乗番号,2026年03月26日10時00分,工事開始予定時刻,2026年03月26日,作業予定
工事,2534,削除,2026/03/26 11:01,2026/03/26 12:27,名古屋高速道路公社,入口,高速５号万場線,上り,1.01,高速５号万場線,上り,1.01,その他,工事内容,-1,関連事象番号１,-1,関連事象番号２,-1,関連事象番号３,-1,関連事象番号４,-1,関連事象番号５,-1,関連事象番号６,-1,関連事象番号７,-1,関連事象番号８,-1,関連事象番号９,-1,関連事象番号１０,-1,関連事象番号１１,-1,関連事象番号１２,-1,関連事象番号１３,-1,関連事象番号１４,-1,関連事象番号１５,3,作業番号,-1,便乗番号,2026年03月26日11時00分,工事開始予定時刻,2026年03月26日,作業予定
工事,2535,削除,2026/03/26 13:12,2026/03/26 16:30,名古屋高速道路公社,本線,高速２号東山線,上り,0.05,高速２号東山線,上り,1,その他,工事内容,-1,関連事象番号１,-1,関連事象番号２,-1,関連事象番号３,-1,関連事象番号４,-1,関連事象番号５,-1,関連事象番号６,-1,関連事象番号７,-1,関連事象番号８,-1,関連事象番号９,-1,関連事象番号１０,-1,関連事象番号１１,-1,関連事象番号１２,-1,関連事象番号１３,-1,関連事象番号１４,-1,関連事象番号１５,10,作業番号,-1,便乗番号,2026年03月26日11時50分,工事開始予定時刻,2026年03月26日,作業予定
工事,2536,削除,2026/03/26 13:12,2026/03/26 16:30,名古屋高速道路公社,本線,高速５号万場線,下り,0.55,高速都心環状線,方向なし,4.8,その他,工事内容,-1,関連事象番号１,-1,関連事象番号２,-1,関連事象番号３,-1,関連事象番号４,-1,関連事象番号５,-1,関連事象番号６,-1,関連事象番号７,-1,関連事象番号８,-1,関連事象番号９,-1,関連事象番号１０,-1,関連事象番号１１,-1,関連事象番号１２,-1,関連事象番号１３,-1,関連事象番号１４,-1,関連事象番号１５,11,作業番号,-1,便乗番号,2026年03月26日11時50分,工事開始予定時刻,2026年03月26日,作業予定
工事,2537,削除,2026/03/26 13:13,2026/03/26 14:50,名古屋高速道路公社,入口,高速都心環状線,方向なし,7.56,高速都心環状線,方向なし,7.56,その他,工事内容,-1,関連事象番号１,-1,関連事象番号２,-1,関連事象番号３,-1,関連事象番号４,-1,関連事象番号５,-1,関連事象番号６,-1,関連事象番号７,-1,関連事象番号８,-1,関連事象番号９,-1,関連事象番号１０,-1,関連事象番号１１,-1,関連事象番号１２,-1,関連事象番号１３,-1,関連事象番号１４,-1,関連事象番号１５,5,作業番号,-1,便乗番号,2026年03月26日13時00分,工事開始予定時刻,2026年03月26日,作業予定
工事,2538,削除,2026/03/26 14:30,2026/03/26 15:24,名古屋高速道路公社,本線,高速５号万場線,下り,6.2,高速５号万場線,下り,5.8,その他,工事内容,-1,関連事象番号１,-1,関連事象番号２,-1,関連事象番号３,-1,関連事象番号４,-1,関連事象番号５,-1,関連事象番号６,-1,関連事象番号７,-1,関連事象番号８,-1,関連事象番号９,-1,関連事象番号１０,-1,関連事象番号１１,-1,関連事象番号１２,-1,関連事象番号１３,-1,関連事象番号１４,-1,関連事象番号１５,36,作業番号,-1,便乗番号,2026年03月26日14時30分,工事開始予定時刻,2026年03月26日,作業予定
工事,2539,削除,2026/03/26 19:54,2026/03/26 20:47,名古屋高速道路公社,本線,高速都心環状線,方向なし,3.2,高速都心環状線,方向なし,2.65,その他,工事内容,-1,関連事象番号１,-1,関連事象番号２,-1,関連事象番号３,-1,関連事象番号４,-1,関連事象番号５,-1,関連事象番号６,-1,関連事象番号７,-1,関連事象番号８,-1,関連事象番号９,-1,関連事象番号１０,-1,関連事象番号１１,-1,関連事象番号１２,-1,関連事象番号１３,-1,関連事象番号１４,-1,関連事象番号１５,33,作業番号,-1,便乗番号,2026年03月26日20時00分,工事開始予定時刻,2026年03月26日,作業予定
工事,2540,削除,2026/03/26 20:00,2026/03/27 00:22,名古屋高速道路公社,本線,高速３号大高線,下り,1,高速３号大高線,下り,0.6,その他,工事内容,-1,関連事象番号１,-1,関連事象番号２,-1,関連事象番号３,-1,関連事象番号４,-1,関連事象番号５,-1,関連事象番号６,-1,関連事象番号７,-1,関連事象番号８,-1,関連事象番号９,-1,関連事象番号１０,-1,関連事象番号１１,-1,関連事象番号１２,-1,関連事象番号１３,-1,関連事象番号１４,-1,関連事象番号１５,14,作業番号,-1,便乗番号,2026年03月26日20時00分,工事開始予定時刻,2026年03月26日,作業予定
工事,2541,削除,2026/03/26 22:07,2026/03/27 02:20,名古屋高速道路公社,本線,高速５号万場線,下り,2.2,高速５号万場線,下り,1,電気工事,工事内容,-1,関連事象番号１,-1,関連事象番号２,-1,関連事象番号３,-1,関連事象番号４,-1,関連事象番号５,-1,関連事象番号６,-1,関連事象番号７,-1,関連事象番号８,-1,関連事象番号９,-1,関連事象番号１０,-1,関連事象番号１１,-1,関連事象番号１２,-1,関連事象番号１３,-1,関連事象番号１４,-1,関連事象番号１５,1,作業番号,-1,便乗番号,2026年03月26日22時00分,工事開始予定時刻,2026年03月26日,作業予定
作業,2636,削除,2026/03/26 17:48,2026/03/26 18:25,名古屋高速道路公社,入口,高速１１号小牧線,上り,8.15,高速１１号小牧線,上り,8.15,その他,作業内容,-1,関連事象番号１,-1,関連事象番号２,-1,関連事象番号３,-1,関連事象番号４,-1,関連事象番号５,-1,関連事象番号６,-1,関連事象番号７,-1,関連事象番号８,-1,関連事象番号９,-1,関連事象番号１０,-1,関連事象番号１１,-1,関連事象番号１２,-1,関連事象番号１３,-1,関連事象番号１４,-1,関連事象番号１５,-1,作業番号,-1,便乗番号,-1,工事開始予定時刻,-1,作業予定
